2025-09-08 00:24:35,499 [Worker-0: Loading available Gradle versions] INFO  o.e.b.c.i.u.g.PublishedGradleVersions - Gradle version information cache is not available. Remote download required.
2025-09-08 00:40:05,715 [Worker-10: Creating project "webfashionshop"] INFO  o.e.m.c.i.l.LifecycleMappingFactory - Using org.maven.ide.eclipse.wtp.WarLifecycleMapping lifecycle mapping for MavenProject: hcmute:webfashionshop:0.0.1-SNAPSHOT @ E:\Workspace\webfashionshop\pom.xml.
2025-09-08 00:40:09,412 [Worker-10: Creating project "webfashionshop"] INFO  o.e.m.j.i.AbstractJavaProjectConfigurator - Adding source folder /webfashionshop/src/main/java
2025-09-08 00:40:09,416 [Worker-10: Creating project "webfashionshop"] INFO  o.e.m.j.i.AbstractJavaProjectConfigurator - Adding resource folder /webfashionshop/src/main/resources
2025-09-08 00:40:09,417 [Worker-10: Creating project "webfashionshop"] INFO  o.e.m.j.i.AbstractJavaProjectConfigurator - Adding source folder /webfashionshop/src/test/java
2025-09-08 00:40:09,417 [Worker-10: Creating project "webfashionshop"] INFO  o.e.m.j.i.AbstractJavaProjectConfigurator - Adding resource folder /webfashionshop/src/test/resources
2025-09-08 00:40:11,472 [Worker-14: Building] WARN  o.a.m.s.f.DefaultMavenResourcesFiltering - Using platform encoding (UTF-8 actually) to copy filtered resources, i.e. build is platform dependent!
2025-09-08 00:40:11,481 [Worker-14: Building] INFO  o.a.m.s.f.DefaultMavenResourcesFiltering - Copying 0 resource from src\main\resources to target\classes
2025-09-08 00:40:11,486 [Worker-14: Building] WARN  o.a.m.s.f.DefaultMavenResourcesFiltering - Using platform encoding (UTF-8 actually) to copy filtered resources, i.e. build is platform dependent!
2025-09-08 00:40:11,488 [Worker-14: Building] INFO  o.a.m.s.f.DefaultMavenResourcesFiltering - Copying 0 resource from src\test\resources to target\test-classes
2025-09-08 00:40:12,412 [Worker-10: Building] WARN  o.a.m.s.f.DefaultMavenResourcesFiltering - Using platform encoding (UTF-8 actually) to copy filtered resources, i.e. build is platform dependent!
2025-09-08 00:40:12,416 [Worker-10: Building] INFO  o.a.m.s.f.DefaultMavenResourcesFiltering - Copying 0 resource from src\main\resources to target\classes
2025-09-08 00:40:12,419 [Worker-10: Building] WARN  o.a.m.s.f.DefaultMavenResourcesFiltering - Using platform encoding (UTF-8 actually) to copy filtered resources, i.e. build is platform dependent!
2025-09-08 00:40:12,420 [Worker-10: Building] INFO  o.a.m.s.f.DefaultMavenResourcesFiltering - Copying 0 resource from src\test\resources to target\test-classes
2025-09-08 00:41:15,819 [Worker-19: Building] WARN  o.a.m.s.f.DefaultMavenResourcesFiltering - Using platform encoding (UTF-8 actually) to copy filtered resources, i.e. build is platform dependent!
2025-09-08 00:41:15,821 [Worker-19: Building] INFO  o.a.m.s.f.DefaultMavenResourcesFiltering - Copying 0 resource from src\main\resources to target\classes
2025-09-08 00:41:15,825 [Worker-19: Building] WARN  o.a.m.s.f.DefaultMavenResourcesFiltering - Using platform encoding (UTF-8 actually) to copy filtered resources, i.e. build is platform dependent!
2025-09-08 00:41:15,826 [Worker-19: Building] INFO  o.a.m.s.f.DefaultMavenResourcesFiltering - Copying 0 resource from src\test\resources to target\test-classes
2025-09-08 00:41:33,175 [Worker-14: Building] WARN  o.a.m.s.f.DefaultMavenResourcesFiltering - Using platform encoding (UTF-8 actually) to copy filtered resources, i.e. build is platform dependent!
2025-09-08 00:41:33,176 [Worker-14: Building] INFO  o.a.m.s.f.DefaultMavenResourcesFiltering - Copying 0 resource from src\main\resources to target\classes
2025-09-08 00:41:33,179 [Worker-14: Building] WARN  o.a.m.s.f.DefaultMavenResourcesFiltering - Using platform encoding (UTF-8 actually) to copy filtered resources, i.e. build is platform dependent!
2025-09-08 00:41:33,180 [Worker-14: Building] INFO  o.a.m.s.f.DefaultMavenResourcesFiltering - Copying 0 resource from src\test\resources to target\test-classes
2025-09-08 00:42:05,946 [Worker-19: Building] WARN  o.a.m.s.f.DefaultMavenResourcesFiltering - Using platform encoding (UTF-8 actually) to copy filtered resources, i.e. build is platform dependent!
2025-09-08 00:42:05,947 [Worker-19: Building] INFO  o.a.m.s.f.DefaultMavenResourcesFiltering - Copying 0 resource from src\main\resources to target\classes
2025-09-08 00:42:05,953 [Worker-19: Building] WARN  o.a.m.s.f.DefaultMavenResourcesFiltering - Using platform encoding (UTF-8 actually) to copy filtered resources, i.e. build is platform dependent!
2025-09-08 00:42:05,954 [Worker-19: Building] INFO  o.a.m.s.f.DefaultMavenResourcesFiltering - Copying 0 resource from src\test\resources to target\test-classes
2025-09-08 00:42:05,957 [Worker-19: Building] INFO  o.e.m.w.i.f.ResourceFilteringBuildParticipant - Changed resources require a complete clean of filtered resources of webfashionshop
2025-09-08 00:42:05,958 [Worker-19: Building] INFO  o.e.m.w.i.f.ResourceFilteringBuildParticipant - Executing resource filtering for webfashionshop
2025-09-08 00:42:22,737 [Worker-13: Building Project webfashionshop] WARN  o.a.m.s.f.DefaultMavenResourcesFiltering - Using platform encoding (UTF-8 actually) to copy filtered resources, i.e. build is platform dependent!
2025-09-08 00:42:22,739 [Worker-13: Building Project webfashionshop] INFO  o.a.m.s.f.DefaultMavenResourcesFiltering - Copying 0 resource from src\main\resources to target\classes
2025-09-08 00:42:22,742 [Worker-13: Building Project webfashionshop] WARN  o.a.m.s.f.DefaultMavenResourcesFiltering - Using platform encoding (UTF-8 actually) to copy filtered resources, i.e. build is platform dependent!
2025-09-08 00:42:22,744 [Worker-13: Building Project webfashionshop] INFO  o.a.m.s.f.DefaultMavenResourcesFiltering - Copying 0 resource from src\test\resources to target\test-classes
2025-09-08 00:48:52,605 [Worker-20: Updating Maven Dependencies] INFO  o.e.m.c.i.l.LifecycleMappingFactory - Using org.maven.ide.eclipse.wtp.WarLifecycleMapping lifecycle mapping for MavenProject: hcmute:webfashionshop:0.0.1-SNAPSHOT @ E:\Workspace\webfashionshop\pom.xml.
2025-09-08 01:35:51,211 [Worker-22: Building] WARN  o.a.m.s.f.DefaultMavenResourcesFiltering - Using platform encoding (UTF-8 actually) to copy filtered resources, i.e. build is platform dependent!
2025-09-08 01:35:51,214 [Worker-22: Building] INFO  o.a.m.s.f.DefaultMavenResourcesFiltering - Copying 0 resource from src\main\resources to target\classes
2025-09-08 01:35:51,219 [Worker-22: Building] WARN  o.a.m.s.f.DefaultMavenResourcesFiltering - Using platform encoding (UTF-8 actually) to copy filtered resources, i.e. build is platform dependent!
2025-09-08 01:35:51,220 [Worker-22: Building] INFO  o.a.m.s.f.DefaultMavenResourcesFiltering - Copying 0 resource from src\test\resources to target\test-classes
2025-09-08 01:41:30,536 [Worker-29: Building] WARN  o.a.m.s.f.DefaultMavenResourcesFiltering - Using platform encoding (UTF-8 actually) to copy filtered resources, i.e. build is platform dependent!
2025-09-08 01:41:30,539 [Worker-29: Building] INFO  o.a.m.s.f.DefaultMavenResourcesFiltering - Copying 0 resource from src\main\resources to target\classes
2025-09-08 01:41:30,542 [Worker-29: Building] WARN  o.a.m.s.f.DefaultMavenResourcesFiltering - Using platform encoding (UTF-8 actually) to copy filtered resources, i.e. build is platform dependent!
2025-09-08 01:41:30,544 [Worker-29: Building] INFO  o.a.m.s.f.DefaultMavenResourcesFiltering - Copying 0 resource from src\test\resources to target\test-classes
2025-09-08 01:42:49,700 [Worker-27: Building] WARN  o.a.m.s.f.DefaultMavenResourcesFiltering - Using platform encoding (UTF-8 actually) to copy filtered resources, i.e. build is platform dependent!
2025-09-08 01:42:49,703 [Worker-27: Building] INFO  o.a.m.s.f.DefaultMavenResourcesFiltering - Copying 0 resource from src\main\resources to target\classes
2025-09-08 01:42:49,706 [Worker-27: Building] WARN  o.a.m.s.f.DefaultMavenResourcesFiltering - Using platform encoding (UTF-8 actually) to copy filtered resources, i.e. build is platform dependent!
2025-09-08 01:42:49,707 [Worker-27: Building] INFO  o.a.m.s.f.DefaultMavenResourcesFiltering - Copying 0 resource from src\test\resources to target\test-classes
2025-09-08 01:44:07,552 [Worker-28: Building] INFO  o.e.m.c.i.e.AbstractTransferListenerAdapter - Downloading https://repo.maven.apache.org/maven2/jakarta/servlet/jsp/jakarta.servlet.jsp-api/3.1.1/jakarta.servlet.jsp-api-3.1.1.pom
2025-09-08 01:44:07,605 [Worker-28: Building] INFO  o.e.m.c.i.e.AbstractTransferListenerAdapter - Downloaded https://repo.maven.apache.org/maven2/jakarta/servlet/jsp/jakarta.servlet.jsp-api/3.1.1/jakarta.servlet.jsp-api-3.1.1.pom
2025-09-08 01:44:07,852 [Worker-28: Building] INFO  o.e.m.c.i.e.AbstractTransferListenerAdapter - Downloading https://repo.maven.apache.org/maven2/jakarta/servlet/jsp/jakarta.servlet.jsp-api/3.1.1/jakarta.servlet.jsp-api-3.1.1.jar
2025-09-08 01:44:07,945 [Worker-28: Building] INFO  o.e.m.c.i.e.AbstractTransferListenerAdapter - Downloaded https://repo.maven.apache.org/maven2/jakarta/servlet/jsp/jakarta.servlet.jsp-api/3.1.1/jakarta.servlet.jsp-api-3.1.1.jar
2025-09-08 01:44:08,174 [Worker-28: Building] INFO  o.e.m.c.i.l.LifecycleMappingFactory - Using org.maven.ide.eclipse.wtp.WarLifecycleMapping lifecycle mapping for MavenProject: hcmute.vn:webfashionshop:1.0-SNAPSHOT @ E:\Workspace\webfashionshop\pom.xml.
2025-09-08 01:44:09,165 [Worker-28: Building] INFO  o.a.m.s.f.DefaultMavenResourcesFiltering - Copying 0 resource from src\main\resources to target\classes
2025-09-08 01:44:09,170 [Worker-28: Building] INFO  o.a.m.s.f.DefaultMavenResourcesFiltering - Copying 0 resource from src\test\resources to target\test-classes
2025-09-08 01:44:09,170 [Worker-28: Building] INFO  o.e.m.w.i.f.ResourceFilteringBuildParticipant - Changed resources require a complete clean of filtered resources of webfashionshop
2025-09-08 01:44:09,170 [Worker-28: Building] INFO  o.e.m.w.i.f.ResourceFilteringBuildParticipant - Executing resource filtering for webfashionshop
2025-09-08 01:44:10,208 [Worker-28: Download sources and javadoc] INFO  o.e.m.c.i.e.AbstractTransferListenerAdapter - Downloading https://repo.maven.apache.org/maven2/jakarta/servlet/jsp/jakarta.servlet.jsp-api/3.1.1/jakarta.servlet.jsp-api-3.1.1-sources.jar
2025-09-08 01:44:10,313 [Worker-28: Download sources and javadoc] INFO  o.e.m.c.i.e.AbstractTransferListenerAdapter - Downloaded https://repo.maven.apache.org/maven2/jakarta/servlet/jsp/jakarta.servlet.jsp-api/3.1.1/jakarta.servlet.jsp-api-3.1.1-sources.jar
2025-09-08 01:44:10,317 [Worker-28: Download sources and javadoc] INFO  o.e.m.j.internal.DownloadSourcesJob - Downloaded sources for jakarta.servlet.jsp:jakarta.servlet.jsp-api:3.1.1
2025-09-08 01:44:46,689 [Worker-32: Building] INFO  o.a.m.s.f.DefaultMavenResourcesFiltering - Copying 0 resource from src\main\resources to target\classes
2025-09-08 01:44:46,693 [Worker-32: Building] INFO  o.a.m.s.f.DefaultMavenResourcesFiltering - Copying 0 resource from src\test\resources to target\test-classes
2025-09-08 01:46:48,980 [Worker-28: Building] INFO  o.a.m.s.f.DefaultMavenResourcesFiltering - Copying 0 resource from src\main\resources to target\classes
2025-09-08 01:46:48,984 [Worker-28: Building] INFO  o.a.m.s.f.DefaultMavenResourcesFiltering - Copying 0 resource from src\test\resources to target\test-classes
2025-09-08 01:47:50,527 [Worker-27: Building] INFO  o.a.m.s.f.DefaultMavenResourcesFiltering - Copying 0 resource from src\main\resources to target\classes
2025-09-08 01:47:50,530 [Worker-27: Building] INFO  o.a.m.s.f.DefaultMavenResourcesFiltering - Copying 0 resource from src\test\resources to target\test-classes
2025-09-08 01:48:25,253 [Worker-28: Building] INFO  o.a.m.s.f.DefaultMavenResourcesFiltering - Copying 0 resource from src\main\resources to target\classes
2025-09-08 01:48:25,255 [Worker-28: Building] INFO  o.a.m.s.f.DefaultMavenResourcesFiltering - Copying 0 resource from src\test\resources to target\test-classes
2025-09-08 01:48:53,448 [Worker-33: Building] INFO  o.a.m.s.f.DefaultMavenResourcesFiltering - Copying 0 resource from src\main\resources to target\classes
2025-09-08 01:48:53,450 [Worker-33: Building] INFO  o.a.m.s.f.DefaultMavenResourcesFiltering - Copying 0 resource from src\test\resources to target\test-classes
2025-09-08 01:51:47,699 [Worker-31: Building] INFO  o.a.m.s.f.DefaultMavenResourcesFiltering - Copying 0 resource from src\main\resources to target\classes
2025-09-08 01:51:47,702 [Worker-31: Building] INFO  o.a.m.s.f.DefaultMavenResourcesFiltering - Copying 0 resource from src\test\resources to target\test-classes
2025-09-08 01:52:00,053 [Worker-31: Building] INFO  o.a.m.s.f.DefaultMavenResourcesFiltering - Copying 0 resource from src\main\resources to target\classes
2025-09-08 01:52:00,056 [Worker-31: Building] INFO  o.a.m.s.f.DefaultMavenResourcesFiltering - Copying 0 resource from src\test\resources to target\test-classes
2025-09-08 01:53:03,589 [Worker-29: Building] INFO  o.a.m.s.f.DefaultMavenResourcesFiltering - Copying 0 resource from src\main\resources to target\classes
2025-09-08 01:53:03,592 [Worker-29: Building] INFO  o.a.m.s.f.DefaultMavenResourcesFiltering - Copying 0 resource from src\test\resources to target\test-classes
2025-09-08 01:54:18,453 [Worker-10: Building] INFO  o.a.m.s.f.DefaultMavenResourcesFiltering - Copying 0 resource from src\main\resources to target\classes
2025-09-08 01:54:18,455 [Worker-10: Building] INFO  o.a.m.s.f.DefaultMavenResourcesFiltering - Copying 0 resource from src\test\resources to target\test-classes
2025-09-08 02:03:13,997 [Worker-29: Building] INFO  o.a.m.s.f.DefaultMavenResourcesFiltering - Copying 0 resource from src\main\resources to target\classes
2025-09-08 02:03:14,000 [Worker-29: Building] INFO  o.a.m.s.f.DefaultMavenResourcesFiltering - Copying 0 resource from src\test\resources to target\test-classes
2025-09-08 02:03:57,876 [Worker-34: Updating Maven Project] INFO  o.e.m.c.i.p.ProjectConfigurationManager - Update started
2025-09-08 02:03:58,138 [Worker-34: Updating Maven Project] INFO  o.e.m.c.i.l.LifecycleMappingFactory - Using org.maven.ide.eclipse.wtp.WarLifecycleMapping lifecycle mapping for MavenProject: hcmute.vn:webfashionshop:1.0-SNAPSHOT @ E:\Workspace\webfashionshop\pom.xml.
2025-09-08 02:03:58,783 [Worker-34: Updating Maven Project] INFO  o.e.m.j.i.AbstractJavaProjectConfigurator - Adding source folder /webfashionshop/src/main/java
2025-09-08 02:03:58,786 [Worker-34: Updating Maven Project] INFO  o.e.m.j.i.AbstractJavaProjectConfigurator - Adding resource folder /webfashionshop/src/main/resources
2025-09-08 02:03:58,812 [Worker-34: Updating Maven Project] INFO  o.e.m.j.i.AbstractJavaProjectConfigurator - Adding source folder /webfashionshop/src/test/java
2025-09-08 02:03:58,812 [Worker-34: Updating Maven Project] INFO  o.e.m.j.i.AbstractJavaProjectConfigurator - Adding resource folder /webfashionshop/src/test/resources
2025-09-08 02:03:58,915 [Worker-34: Updating Maven Project] INFO  o.e.m.c.i.p.ProjectConfigurationManager - Update completed for 1 poms: local refresh takes 0,00 sec, refresh facades takes 0,00 sec, update config takes 0,00 sec 
2025-09-08 02:03:59,210 [Worker-29: Building] INFO  o.a.m.s.f.DefaultMavenResourcesFiltering - Copying 0 resource from src\main\resources to target\classes
2025-09-08 02:03:59,216 [Worker-29: Building] INFO  o.a.m.s.f.DefaultMavenResourcesFiltering - Copying 0 resource from src\test\resources to target\test-classes
2025-09-08 02:04:36,852 [Worker-39: Building] INFO  o.a.m.s.f.DefaultMavenResourcesFiltering - Copying 0 resource from src\main\resources to target\classes
2025-09-08 02:04:36,855 [Worker-39: Building] INFO  o.a.m.s.f.DefaultMavenResourcesFiltering - Copying 0 resource from src\test\resources to target\test-classes
2025-09-08 02:04:46,407 [Worker-31: Updating Maven Project] INFO  o.e.m.c.i.p.ProjectConfigurationManager - Update started
2025-09-08 02:04:46,593 [Worker-31: Updating Maven Project] INFO  o.e.m.c.i.l.LifecycleMappingFactory - Using org.maven.ide.eclipse.wtp.WarLifecycleMapping lifecycle mapping for MavenProject: hcmute.vn:webfashionshop:1.0-SNAPSHOT @ E:\Workspace\webfashionshop\pom.xml.
2025-09-08 02:04:47,093 [Worker-31: Updating Maven Project] INFO  o.e.m.j.i.AbstractJavaProjectConfigurator - Adding source folder /webfashionshop/src/main/java
2025-09-08 02:04:47,095 [Worker-31: Updating Maven Project] INFO  o.e.m.j.i.AbstractJavaProjectConfigurator - Adding resource folder /webfashionshop/src/main/resources
2025-09-08 02:04:47,095 [Worker-31: Updating Maven Project] INFO  o.e.m.j.i.AbstractJavaProjectConfigurator - Adding source folder /webfashionshop/src/test/java
2025-09-08 02:04:47,096 [Worker-31: Updating Maven Project] INFO  o.e.m.j.i.AbstractJavaProjectConfigurator - Adding resource folder /webfashionshop/src/test/resources
2025-09-08 02:04:47,183 [Worker-31: Updating Maven Project] INFO  o.e.m.w.i.f.ResourceFilteringBuildParticipant - Cleaning filtered folder for webfashionshop
2025-09-08 02:04:47,195 [Worker-31: Updating Maven Project] INFO  o.e.m.c.i.p.ProjectConfigurationManager - Update completed for 1 poms: local refresh takes 0,00 sec, refresh facades takes 0,00 sec, update config takes 0,00 sec 
2025-09-08 02:04:47,353 [Worker-38: Building] INFO  o.a.m.s.f.DefaultMavenResourcesFiltering - Copying 0 resource from src\main\resources to target\classes
2025-09-08 02:04:47,358 [Worker-38: Building] INFO  o.a.m.s.f.DefaultMavenResourcesFiltering - Copying 0 resource from src\test\resources to target\test-classes
2025-09-08 02:04:47,359 [Worker-38: Building] INFO  o.e.m.w.i.f.ResourceFilteringBuildParticipant - Changed resources require a complete clean of filtered resources of webfashionshop
2025-09-08 02:04:47,359 [Worker-38: Building] INFO  o.e.m.w.i.f.ResourceFilteringBuildParticipant - Executing resource filtering for webfashionshop
2025-09-08 02:05:06,090 [Worker-29: Cleaning all projects] INFO  o.e.m.w.i.f.ResourceFilteringBuildParticipant - Cleaning filtered folder for webfashionshop
2025-09-08 02:05:06,271 [Worker-31: Building] INFO  o.a.m.s.f.DefaultMavenResourcesFiltering - Copying 0 resource from src\main\resources to target\classes
2025-09-08 02:05:06,273 [Worker-31: Building] INFO  o.a.m.s.f.DefaultMavenResourcesFiltering - Copying 0 resource from src\test\resources to target\test-classes
2025-09-08 02:05:06,273 [Worker-31: Building] INFO  o.e.m.w.i.f.ResourceFilteringBuildParticipant - Changed resources require a complete clean of filtered resources of webfashionshop
2025-09-08 02:05:06,274 [Worker-31: Building] INFO  o.e.m.w.i.f.ResourceFilteringBuildParticipant - Executing resource filtering for webfashionshop
2025-09-08 02:05:30,779 [Worker-36: Building] INFO  o.a.m.s.f.DefaultMavenResourcesFiltering - Copying 0 resource from src\main\resources to target\classes
2025-09-08 02:05:30,782 [Worker-36: Building] INFO  o.a.m.s.f.DefaultMavenResourcesFiltering - Copying 0 resource from src\test\resources to target\test-classes
2025-09-08 02:05:53,213 [Worker-31: Updating Maven Project] INFO  o.e.m.c.i.p.ProjectConfigurationManager - Update started
2025-09-08 02:05:53,392 [Worker-31: Updating Maven Project] INFO  o.e.m.c.i.l.LifecycleMappingFactory - Using org.maven.ide.eclipse.wtp.WarLifecycleMapping lifecycle mapping for MavenProject: hcmute.vn:webfashionshop:1.0-SNAPSHOT @ E:\Workspace\webfashionshop\pom.xml.
2025-09-08 02:05:53,850 [Worker-31: Updating Maven Project] INFO  o.e.m.j.i.AbstractJavaProjectConfigurator - Adding source folder /webfashionshop/src/main/java
2025-09-08 02:05:53,850 [Worker-31: Updating Maven Project] INFO  o.e.m.j.i.AbstractJavaProjectConfigurator - Adding resource folder /webfashionshop/src/main/resources
2025-09-08 02:05:53,851 [Worker-31: Updating Maven Project] INFO  o.e.m.j.i.AbstractJavaProjectConfigurator - Adding source folder /webfashionshop/src/test/java
2025-09-08 02:05:53,851 [Worker-31: Updating Maven Project] INFO  o.e.m.j.i.AbstractJavaProjectConfigurator - Adding resource folder /webfashionshop/src/test/resources
2025-09-08 02:05:53,927 [Worker-31: Updating Maven Project] INFO  o.e.m.w.i.f.ResourceFilteringBuildParticipant - Cleaning filtered folder for webfashionshop
2025-09-08 02:05:53,939 [Worker-31: Updating Maven Project] INFO  o.e.m.c.i.p.ProjectConfigurationManager - Update completed for 1 poms: local refresh takes 0,00 sec, refresh facades takes 0,00 sec, update config takes 0,00 sec 
2025-09-08 02:05:54,096 [Worker-34: Building] INFO  o.a.m.s.f.DefaultMavenResourcesFiltering - Copying 0 resource from src\main\resources to target\classes
2025-09-08 02:05:54,099 [Worker-34: Building] INFO  o.a.m.s.f.DefaultMavenResourcesFiltering - Copying 0 resource from src\test\resources to target\test-classes
2025-09-08 02:05:54,100 [Worker-34: Building] INFO  o.e.m.w.i.f.ResourceFilteringBuildParticipant - Changed resources require a complete clean of filtered resources of webfashionshop
2025-09-08 02:05:54,100 [Worker-34: Building] INFO  o.e.m.w.i.f.ResourceFilteringBuildParticipant - Executing resource filtering for webfashionshop
2025-09-08 02:08:13,299 [Worker-36: Rebuilding] INFO  o.a.m.s.f.DefaultMavenResourcesFiltering - Copying 0 resource from src\main\resources to target\classes
2025-09-08 02:08:13,300 [Worker-36: Rebuilding] INFO  o.a.m.s.f.DefaultMavenResourcesFiltering - Copying 0 resource from src\test\resources to target\test-classes
2025-09-08 02:10:17,312 [Worker-31: Building] INFO  o.a.m.s.f.DefaultMavenResourcesFiltering - Copying 0 resource from src\main\resources to target\classes
2025-09-08 02:10:17,315 [Worker-31: Building] INFO  o.a.m.s.f.DefaultMavenResourcesFiltering - Copying 0 resource from src\test\resources to target\test-classes
2025-09-08 02:17:41,879 [Worker-38: Building] INFO  o.a.m.s.f.DefaultMavenResourcesFiltering - Copying 0 resource from src\main\resources to target\classes
2025-09-08 02:17:41,882 [Worker-38: Building] INFO  o.a.m.s.f.DefaultMavenResourcesFiltering - Copying 0 resource from src\test\resources to target\test-classes
2025-09-08 02:19:37,553 [Worker-39: Cleaning all projects] INFO  o.e.m.w.i.f.ResourceFilteringBuildParticipant - Cleaning filtered folder for webfashionshop
2025-09-08 02:19:37,712 [Worker-37: Building] INFO  o.a.m.s.f.DefaultMavenResourcesFiltering - Copying 0 resource from src\main\resources to target\classes
2025-09-08 02:19:37,715 [Worker-37: Building] INFO  o.a.m.s.f.DefaultMavenResourcesFiltering - Copying 0 resource from src\test\resources to target\test-classes
2025-09-08 02:19:37,715 [Worker-37: Building] INFO  o.e.m.w.i.f.ResourceFilteringBuildParticipant - Changed resources require a complete clean of filtered resources of webfashionshop
2025-09-08 02:19:37,715 [Worker-37: Building] INFO  o.e.m.w.i.f.ResourceFilteringBuildParticipant - Executing resource filtering for webfashionshop
2025-09-08 02:19:45,579 [Worker-39: Launching Executing clean in E__Workspace_webfashionshop] INFO  o.eclipse.m2e.core.internal.Bundles - getClasspathEntries(Bundle=org.eclipse.m2e.maven.runtime_3.9.900.20250220-2013 [364])
2025-09-08 02:19:45,581 [Worker-39: Launching Executing clean in E__Workspace_webfashionshop] INFO  o.eclipse.m2e.core.internal.Bundles - 	Entry: E:\Programs\Coding\Web\Eclipse_Java_SpringTool\sts-4.31.0.RELEASE\plugins\org.eclipse.m2e.maven.runtime_3.9.900.20250220-2013
2025-09-08 02:19:45,581 [Worker-39: Launching Executing clean in E__Workspace_webfashionshop] INFO  o.eclipse.m2e.core.internal.Bundles - 	Entry: E:\Programs\Coding\Web\Eclipse_Java_SpringTool\sts-4.31.0.RELEASE\plugins\org.eclipse.m2e.maven.runtime_3.9.900.20250220-2013\jars\aopalliance-1.0.jar
2025-09-08 02:19:45,581 [Worker-39: Launching Executing clean in E__Workspace_webfashionshop] INFO  o.eclipse.m2e.core.internal.Bundles - 	Entry: E:\Programs\Coding\Web\Eclipse_Java_SpringTool\sts-4.31.0.RELEASE\plugins\org.eclipse.m2e.maven.runtime_3.9.900.20250220-2013\jars\guice-5.1.0.jar
2025-09-08 02:19:45,581 [Worker-39: Launching Executing clean in E__Workspace_webfashionshop] INFO  o.eclipse.m2e.core.internal.Bundles - 	Entry: E:\Programs\Coding\Web\Eclipse_Java_SpringTool\sts-4.31.0.RELEASE\plugins\org.eclipse.m2e.maven.runtime_3.9.900.20250220-2013\jars\httpclient-4.5.14.jar
2025-09-08 02:19:45,581 [Worker-39: Launching Executing clean in E__Workspace_webfashionshop] INFO  o.eclipse.m2e.core.internal.Bundles - 	Entry: E:\Programs\Coding\Web\Eclipse_Java_SpringTool\sts-4.31.0.RELEASE\plugins\org.eclipse.m2e.maven.runtime_3.9.900.20250220-2013\jars\httpcore-4.4.16.jar
2025-09-08 02:19:45,581 [Worker-39: Launching Executing clean in E__Workspace_webfashionshop] INFO  o.eclipse.m2e.core.internal.Bundles - 	Entry: E:\Programs\Coding\Web\Eclipse_Java_SpringTool\sts-4.31.0.RELEASE\plugins\org.eclipse.m2e.maven.runtime_3.9.900.20250220-2013\jars\jansi-2.4.1.jar
2025-09-08 02:19:45,581 [Worker-39: Launching Executing clean in E__Workspace_webfashionshop] INFO  o.eclipse.m2e.core.internal.Bundles - 	Entry: E:\Programs\Coding\Web\Eclipse_Java_SpringTool\sts-4.31.0.RELEASE\plugins\org.eclipse.m2e.maven.runtime_3.9.900.20250220-2013\jars\jcl-over-slf4j-1.7.36.jar
2025-09-08 02:19:45,581 [Worker-39: Launching Executing clean in E__Workspace_webfashionshop] INFO  o.eclipse.m2e.core.internal.Bundles - 	Entry: E:\Programs\Coding\Web\Eclipse_Java_SpringTool\sts-4.31.0.RELEASE\plugins\org.eclipse.m2e.maven.runtime_3.9.900.20250220-2013\jars\maven-artifact-3.9.9.jar
2025-09-08 02:19:45,582 [Worker-39: Launching Executing clean in E__Workspace_webfashionshop] INFO  o.eclipse.m2e.core.internal.Bundles - 	Entry: E:\Programs\Coding\Web\Eclipse_Java_SpringTool\sts-4.31.0.RELEASE\plugins\org.eclipse.m2e.maven.runtime_3.9.900.20250220-2013\jars\maven-builder-support-3.9.9.jar
2025-09-08 02:19:45,582 [Worker-39: Launching Executing clean in E__Workspace_webfashionshop] INFO  o.eclipse.m2e.core.internal.Bundles - 	Entry: E:\Programs\Coding\Web\Eclipse_Java_SpringTool\sts-4.31.0.RELEASE\plugins\org.eclipse.m2e.maven.runtime_3.9.900.20250220-2013\jars\maven-compat-3.9.9.jar
2025-09-08 02:19:45,582 [Worker-39: Launching Executing clean in E__Workspace_webfashionshop] INFO  o.eclipse.m2e.core.internal.Bundles - 	Entry: E:\Programs\Coding\Web\Eclipse_Java_SpringTool\sts-4.31.0.RELEASE\plugins\org.eclipse.m2e.maven.runtime_3.9.900.20250220-2013\jars\maven-core-3.9.9.jar
2025-09-08 02:19:45,582 [Worker-39: Launching Executing clean in E__Workspace_webfashionshop] INFO  o.eclipse.m2e.core.internal.Bundles - 	Entry: E:\Programs\Coding\Web\Eclipse_Java_SpringTool\sts-4.31.0.RELEASE\plugins\org.eclipse.m2e.maven.runtime_3.9.900.20250220-2013\jars\maven-embedder-3.9.9.jar
2025-09-08 02:19:45,582 [Worker-39: Launching Executing clean in E__Workspace_webfashionshop] INFO  o.eclipse.m2e.core.internal.Bundles - 	Entry: E:\Programs\Coding\Web\Eclipse_Java_SpringTool\sts-4.31.0.RELEASE\plugins\org.eclipse.m2e.maven.runtime_3.9.900.20250220-2013\jars\maven-model-3.9.9.jar
2025-09-08 02:19:45,582 [Worker-39: Launching Executing clean in E__Workspace_webfashionshop] INFO  o.eclipse.m2e.core.internal.Bundles - 	Entry: E:\Programs\Coding\Web\Eclipse_Java_SpringTool\sts-4.31.0.RELEASE\plugins\org.eclipse.m2e.maven.runtime_3.9.900.20250220-2013\jars\maven-model-builder-3.9.9.jar
2025-09-08 02:19:45,582 [Worker-39: Launching Executing clean in E__Workspace_webfashionshop] INFO  o.eclipse.m2e.core.internal.Bundles - 	Entry: E:\Programs\Coding\Web\Eclipse_Java_SpringTool\sts-4.31.0.RELEASE\plugins\org.eclipse.m2e.maven.runtime_3.9.900.20250220-2013\jars\maven-plugin-api-3.9.9.jar
2025-09-08 02:19:45,582 [Worker-39: Launching Executing clean in E__Workspace_webfashionshop] INFO  o.eclipse.m2e.core.internal.Bundles - 	Entry: E:\Programs\Coding\Web\Eclipse_Java_SpringTool\sts-4.31.0.RELEASE\plugins\org.eclipse.m2e.maven.runtime_3.9.900.20250220-2013\jars\maven-repository-metadata-3.9.9.jar
2025-09-08 02:19:45,582 [Worker-39: Launching Executing clean in E__Workspace_webfashionshop] INFO  o.eclipse.m2e.core.internal.Bundles - 	Entry: E:\Programs\Coding\Web\Eclipse_Java_SpringTool\sts-4.31.0.RELEASE\plugins\org.eclipse.m2e.maven.runtime_3.9.900.20250220-2013\jars\maven-resolver-api-1.9.22.jar
2025-09-08 02:19:45,582 [Worker-39: Launching Executing clean in E__Workspace_webfashionshop] INFO  o.eclipse.m2e.core.internal.Bundles - 	Entry: E:\Programs\Coding\Web\Eclipse_Java_SpringTool\sts-4.31.0.RELEASE\plugins\org.eclipse.m2e.maven.runtime_3.9.900.20250220-2013\jars\maven-resolver-connector-basic-1.9.22.jar
2025-09-08 02:19:45,582 [Worker-39: Launching Executing clean in E__Workspace_webfashionshop] INFO  o.eclipse.m2e.core.internal.Bundles - 	Entry: E:\Programs\Coding\Web\Eclipse_Java_SpringTool\sts-4.31.0.RELEASE\plugins\org.eclipse.m2e.maven.runtime_3.9.900.20250220-2013\jars\maven-resolver-impl-1.9.22.jar
2025-09-08 02:19:45,582 [Worker-39: Launching Executing clean in E__Workspace_webfashionshop] INFO  o.eclipse.m2e.core.internal.Bundles - 	Entry: E:\Programs\Coding\Web\Eclipse_Java_SpringTool\sts-4.31.0.RELEASE\plugins\org.eclipse.m2e.maven.runtime_3.9.900.20250220-2013\jars\maven-resolver-named-locks-1.9.22.jar
2025-09-08 02:19:45,582 [Worker-39: Launching Executing clean in E__Workspace_webfashionshop] INFO  o.eclipse.m2e.core.internal.Bundles - 	Entry: E:\Programs\Coding\Web\Eclipse_Java_SpringTool\sts-4.31.0.RELEASE\plugins\org.eclipse.m2e.maven.runtime_3.9.900.20250220-2013\jars\maven-resolver-provider-3.9.9.jar
2025-09-08 02:19:45,582 [Worker-39: Launching Executing clean in E__Workspace_webfashionshop] INFO  o.eclipse.m2e.core.internal.Bundles - 	Entry: E:\Programs\Coding\Web\Eclipse_Java_SpringTool\sts-4.31.0.RELEASE\plugins\org.eclipse.m2e.maven.runtime_3.9.900.20250220-2013\jars\maven-resolver-spi-1.9.22.jar
2025-09-08 02:19:45,582 [Worker-39: Launching Executing clean in E__Workspace_webfashionshop] INFO  o.eclipse.m2e.core.internal.Bundles - 	Entry: E:\Programs\Coding\Web\Eclipse_Java_SpringTool\sts-4.31.0.RELEASE\plugins\org.eclipse.m2e.maven.runtime_3.9.900.20250220-2013\jars\maven-resolver-transport-file-1.9.22.jar
2025-09-08 02:19:45,582 [Worker-39: Launching Executing clean in E__Workspace_webfashionshop] INFO  o.eclipse.m2e.core.internal.Bundles - 	Entry: E:\Programs\Coding\Web\Eclipse_Java_SpringTool\sts-4.31.0.RELEASE\plugins\org.eclipse.m2e.maven.runtime_3.9.900.20250220-2013\jars\maven-resolver-transport-http-1.9.22.jar
2025-09-08 02:19:45,582 [Worker-39: Launching Executing clean in E__Workspace_webfashionshop] INFO  o.eclipse.m2e.core.internal.Bundles - 	Entry: E:\Programs\Coding\Web\Eclipse_Java_SpringTool\sts-4.31.0.RELEASE\plugins\org.eclipse.m2e.maven.runtime_3.9.900.20250220-2013\jars\maven-resolver-transport-wagon-1.9.22.jar
2025-09-08 02:19:45,583 [Worker-39: Launching Executing clean in E__Workspace_webfashionshop] INFO  o.eclipse.m2e.core.internal.Bundles - 	Entry: E:\Programs\Coding\Web\Eclipse_Java_SpringTool\sts-4.31.0.RELEASE\plugins\org.eclipse.m2e.maven.runtime_3.9.900.20250220-2013\jars\maven-resolver-util-1.9.22.jar
2025-09-08 02:19:45,583 [Worker-39: Launching Executing clean in E__Workspace_webfashionshop] INFO  o.eclipse.m2e.core.internal.Bundles - 	Entry: E:\Programs\Coding\Web\Eclipse_Java_SpringTool\sts-4.31.0.RELEASE\plugins\org.eclipse.m2e.maven.runtime_3.9.900.20250220-2013\jars\maven-settings-3.9.9.jar
2025-09-08 02:19:45,583 [Worker-39: Launching Executing clean in E__Workspace_webfashionshop] INFO  o.eclipse.m2e.core.internal.Bundles - 	Entry: E:\Programs\Coding\Web\Eclipse_Java_SpringTool\sts-4.31.0.RELEASE\plugins\org.eclipse.m2e.maven.runtime_3.9.900.20250220-2013\jars\maven-settings-builder-3.9.9.jar
2025-09-08 02:19:45,583 [Worker-39: Launching Executing clean in E__Workspace_webfashionshop] INFO  o.eclipse.m2e.core.internal.Bundles - 	Entry: E:\Programs\Coding\Web\Eclipse_Java_SpringTool\sts-4.31.0.RELEASE\plugins\org.eclipse.m2e.maven.runtime_3.9.900.20250220-2013\jars\maven-shared-utils-3.4.2.jar
2025-09-08 02:19:45,583 [Worker-39: Launching Executing clean in E__Workspace_webfashionshop] INFO  o.eclipse.m2e.core.internal.Bundles - 	Entry: E:\Programs\Coding\Web\Eclipse_Java_SpringTool\sts-4.31.0.RELEASE\plugins\org.eclipse.m2e.maven.runtime_3.9.900.20250220-2013\jars\org.eclipse.sisu.inject-0.9.0.M3.jar
2025-09-08 02:19:45,583 [Worker-39: Launching Executing clean in E__Workspace_webfashionshop] INFO  o.eclipse.m2e.core.internal.Bundles - 	Entry: E:\Programs\Coding\Web\Eclipse_Java_SpringTool\sts-4.31.0.RELEASE\plugins\org.eclipse.m2e.maven.runtime_3.9.900.20250220-2013\jars\org.eclipse.sisu.plexus-0.9.0.M3.jar
2025-09-08 02:19:45,583 [Worker-39: Launching Executing clean in E__Workspace_webfashionshop] INFO  o.eclipse.m2e.core.internal.Bundles - 	Entry: E:\Programs\Coding\Web\Eclipse_Java_SpringTool\sts-4.31.0.RELEASE\plugins\org.eclipse.m2e.maven.runtime_3.9.900.20250220-2013\jars\plexus-build-api-0.0.7.jar
2025-09-08 02:19:45,583 [Worker-39: Launching Executing clean in E__Workspace_webfashionshop] INFO  o.eclipse.m2e.core.internal.Bundles - 	Entry: E:\Programs\Coding\Web\Eclipse_Java_SpringTool\sts-4.31.0.RELEASE\plugins\org.eclipse.m2e.maven.runtime_3.9.900.20250220-2013\jars\plexus-build-api-1.2.0.jar
2025-09-08 02:19:45,583 [Worker-39: Launching Executing clean in E__Workspace_webfashionshop] INFO  o.eclipse.m2e.core.internal.Bundles - 	Entry: E:\Programs\Coding\Web\Eclipse_Java_SpringTool\sts-4.31.0.RELEASE\plugins\org.eclipse.m2e.maven.runtime_3.9.900.20250220-2013\jars\plexus-cipher-2.0.jar
2025-09-08 02:19:45,583 [Worker-39: Launching Executing clean in E__Workspace_webfashionshop] INFO  o.eclipse.m2e.core.internal.Bundles - 	Entry: E:\Programs\Coding\Web\Eclipse_Java_SpringTool\sts-4.31.0.RELEASE\plugins\org.eclipse.m2e.maven.runtime_3.9.900.20250220-2013\jars\plexus-classworlds-2.8.0.jar
2025-09-08 02:19:45,583 [Worker-39: Launching Executing clean in E__Workspace_webfashionshop] INFO  o.eclipse.m2e.core.internal.Bundles - 	Entry: E:\Programs\Coding\Web\Eclipse_Java_SpringTool\sts-4.31.0.RELEASE\plugins\org.eclipse.m2e.maven.runtime_3.9.900.20250220-2013\jars\plexus-component-annotations-2.1.0.jar
2025-09-08 02:19:45,583 [Worker-39: Launching Executing clean in E__Workspace_webfashionshop] INFO  o.eclipse.m2e.core.internal.Bundles - 	Entry: E:\Programs\Coding\Web\Eclipse_Java_SpringTool\sts-4.31.0.RELEASE\plugins\org.eclipse.m2e.maven.runtime_3.9.900.20250220-2013\jars\plexus-interpolation-1.27.jar
2025-09-08 02:19:45,583 [Worker-39: Launching Executing clean in E__Workspace_webfashionshop] INFO  o.eclipse.m2e.core.internal.Bundles - 	Entry: E:\Programs\Coding\Web\Eclipse_Java_SpringTool\sts-4.31.0.RELEASE\plugins\org.eclipse.m2e.maven.runtime_3.9.900.20250220-2013\jars\plexus-sec-dispatcher-2.0.jar
2025-09-08 02:19:45,583 [Worker-39: Launching Executing clean in E__Workspace_webfashionshop] INFO  o.eclipse.m2e.core.internal.Bundles - 	Entry: E:\Programs\Coding\Web\Eclipse_Java_SpringTool\sts-4.31.0.RELEASE\plugins\org.eclipse.m2e.maven.runtime_3.9.900.20250220-2013\jars\plexus-utils-3.5.1.jar
2025-09-08 02:19:45,583 [Worker-39: Launching Executing clean in E__Workspace_webfashionshop] INFO  o.eclipse.m2e.core.internal.Bundles - 	Entry: E:\Programs\Coding\Web\Eclipse_Java_SpringTool\sts-4.31.0.RELEASE\plugins\org.eclipse.m2e.maven.runtime_3.9.900.20250220-2013\jars\plexus-xml-3.0.1.jar
2025-09-08 02:19:45,583 [Worker-39: Launching Executing clean in E__Workspace_webfashionshop] INFO  o.eclipse.m2e.core.internal.Bundles - 	Entry: E:\Programs\Coding\Web\Eclipse_Java_SpringTool\sts-4.31.0.RELEASE\plugins\org.eclipse.m2e.maven.runtime_3.9.900.20250220-2013\jars\wagon-file-3.5.3.jar
2025-09-08 02:19:45,583 [Worker-39: Launching Executing clean in E__Workspace_webfashionshop] INFO  o.eclipse.m2e.core.internal.Bundles - 	Entry: E:\Programs\Coding\Web\Eclipse_Java_SpringTool\sts-4.31.0.RELEASE\plugins\org.eclipse.m2e.maven.runtime_3.9.900.20250220-2013\jars\wagon-http-3.5.3.jar
2025-09-08 02:19:45,585 [Worker-39: Launching Executing clean in E__Workspace_webfashionshop] INFO  o.eclipse.m2e.core.internal.Bundles - 	Entry: E:\Programs\Coding\Web\Eclipse_Java_SpringTool\sts-4.31.0.RELEASE\plugins\org.eclipse.m2e.maven.runtime_3.9.900.20250220-2013\jars\wagon-http-shared-3.5.3.jar
2025-09-08 02:19:45,585 [Worker-39: Launching Executing clean in E__Workspace_webfashionshop] INFO  o.eclipse.m2e.core.internal.Bundles - 	Entry: E:\Programs\Coding\Web\Eclipse_Java_SpringTool\sts-4.31.0.RELEASE\plugins\org.eclipse.m2e.maven.runtime_3.9.900.20250220-2013\jars\wagon-provider-api-3.5.3.jar
2025-09-08 02:19:45,585 [Worker-39: Launching Executing clean in E__Workspace_webfashionshop] INFO  o.eclipse.m2e.core.internal.Bundles - getClasspathEntries(Bundle=com.google.guava_33.4.8.jre [31])
2025-09-08 02:19:45,586 [Worker-39: Launching Executing clean in E__Workspace_webfashionshop] INFO  o.eclipse.m2e.core.internal.Bundles - 	Entry: E:\Programs\Coding\Web\Eclipse_Java_SpringTool\sts-4.31.0.RELEASE\plugins\com.google.guava_33.4.8.jre.jar
2025-09-08 02:19:45,586 [Worker-39: Launching Executing clean in E__Workspace_webfashionshop] INFO  o.eclipse.m2e.core.internal.Bundles - getClasspathEntries(Bundle=slf4j.api_2.0.17 [613])
2025-09-08 02:19:45,586 [Worker-39: Launching Executing clean in E__Workspace_webfashionshop] INFO  o.eclipse.m2e.core.internal.Bundles - 	Entry: E:\Programs\Coding\Web\Eclipse_Java_SpringTool\sts-4.31.0.RELEASE\plugins\slf4j.api_2.0.17.jar
2025-09-08 02:19:45,586 [Worker-39: Launching Executing clean in E__Workspace_webfashionshop] INFO  o.eclipse.m2e.core.internal.Bundles - getClasspathEntries(Bundle=jakarta.inject.jakarta.inject-api_1.0.5 [46])
2025-09-08 02:19:45,586 [Worker-39: Launching Executing clean in E__Workspace_webfashionshop] INFO  o.eclipse.m2e.core.internal.Bundles - 	Entry: E:\Programs\Coding\Web\Eclipse_Java_SpringTool\sts-4.31.0.RELEASE\plugins\jakarta.inject.jakarta.inject-api_1.0.5.jar
2025-09-08 02:19:45,586 [Worker-39: Launching Executing clean in E__Workspace_webfashionshop] INFO  o.eclipse.m2e.core.internal.Bundles - getClasspathEntries(Bundle=javax.annotation_1.3.5.v20200909-1856 [55])
2025-09-08 02:19:45,586 [Worker-39: Launching Executing clean in E__Workspace_webfashionshop] INFO  o.eclipse.m2e.core.internal.Bundles - 	Entry: E:\Programs\Coding\Web\Eclipse_Java_SpringTool\sts-4.31.0.RELEASE\plugins\javax.annotation_1.3.5.v20200909-1856.jar
2025-09-08 02:19:45,586 [Worker-39: Launching Executing clean in E__Workspace_webfashionshop] INFO  o.eclipse.m2e.core.internal.Bundles - getClasspathEntries(Bundle=org.apache.commons.cli_1.9.0 [79])
2025-09-08 02:19:45,588 [Worker-39: Launching Executing clean in E__Workspace_webfashionshop] INFO  o.eclipse.m2e.core.internal.Bundles - 	Entry: E:\Programs\Coding\Web\Eclipse_Java_SpringTool\sts-4.31.0.RELEASE\plugins\org.apache.commons.cli_1.9.0.jar
2025-09-08 02:19:45,588 [Worker-39: Launching Executing clean in E__Workspace_webfashionshop] INFO  o.eclipse.m2e.core.internal.Bundles - getClasspathEntries(Bundle=org.apache.commons.commons-codec_1.16.0 [81])
2025-09-08 02:19:45,588 [Worker-39: Launching Executing clean in E__Workspace_webfashionshop] INFO  o.eclipse.m2e.core.internal.Bundles - 	Entry: E:\Programs\Coding\Web\Eclipse_Java_SpringTool\sts-4.31.0.RELEASE\plugins\org.apache.commons.commons-codec_1.16.0.jar
2025-09-08 02:19:45,588 [Worker-39: Launching Executing clean in E__Workspace_webfashionshop] INFO  o.eclipse.m2e.core.internal.Bundles - getClasspathEntries(Bundle=com.google.guava.failureaccess_1.0.3 [32])
2025-09-08 02:19:45,588 [Worker-39: Launching Executing clean in E__Workspace_webfashionshop] INFO  o.eclipse.m2e.core.internal.Bundles - 	Entry: E:\Programs\Coding\Web\Eclipse_Java_SpringTool\sts-4.31.0.RELEASE\plugins\com.google.guava.failureaccess_1.0.3.jar
2025-09-08 02:19:45,591 [Worker-39: Launching Executing clean in E__Workspace_webfashionshop] INFO  o.e.m.i.launch.MavenLaunchDelegate - Run build in "E:\Workspace\webfashionshop":
2025-09-08 02:19:45,592 [Worker-39: Launching Executing clean in E__Workspace_webfashionshop] INFO  o.e.m.i.launch.MavenLaunchDelegate -  mvn  -B -Dstyle.color=always -s E:\Programs\Coding\Web\Eclipse_Java_SpringTool\apache-maven-3.9.11\conf\settings.xml clean
2025-09-08 02:19:59,962 [Worker-34: Launching Executing install in E__Workspace_webfashionshop] INFO  o.eclipse.m2e.core.internal.Bundles - getClasspathEntries(Bundle=org.eclipse.m2e.maven.runtime_3.9.900.20250220-2013 [364])
2025-09-08 02:19:59,963 [Worker-34: Launching Executing install in E__Workspace_webfashionshop] INFO  o.eclipse.m2e.core.internal.Bundles - 	Entry: E:\Programs\Coding\Web\Eclipse_Java_SpringTool\sts-4.31.0.RELEASE\plugins\org.eclipse.m2e.maven.runtime_3.9.900.20250220-2013
2025-09-08 02:19:59,964 [Worker-34: Launching Executing install in E__Workspace_webfashionshop] INFO  o.eclipse.m2e.core.internal.Bundles - 	Entry: E:\Programs\Coding\Web\Eclipse_Java_SpringTool\sts-4.31.0.RELEASE\plugins\org.eclipse.m2e.maven.runtime_3.9.900.20250220-2013\jars\aopalliance-1.0.jar
2025-09-08 02:19:59,964 [Worker-34: Launching Executing install in E__Workspace_webfashionshop] INFO  o.eclipse.m2e.core.internal.Bundles - 	Entry: E:\Programs\Coding\Web\Eclipse_Java_SpringTool\sts-4.31.0.RELEASE\plugins\org.eclipse.m2e.maven.runtime_3.9.900.20250220-2013\jars\guice-5.1.0.jar
2025-09-08 02:19:59,964 [Worker-34: Launching Executing install in E__Workspace_webfashionshop] INFO  o.eclipse.m2e.core.internal.Bundles - 	Entry: E:\Programs\Coding\Web\Eclipse_Java_SpringTool\sts-4.31.0.RELEASE\plugins\org.eclipse.m2e.maven.runtime_3.9.900.20250220-2013\jars\httpclient-4.5.14.jar
2025-09-08 02:19:59,964 [Worker-34: Launching Executing install in E__Workspace_webfashionshop] INFO  o.eclipse.m2e.core.internal.Bundles - 	Entry: E:\Programs\Coding\Web\Eclipse_Java_SpringTool\sts-4.31.0.RELEASE\plugins\org.eclipse.m2e.maven.runtime_3.9.900.20250220-2013\jars\httpcore-4.4.16.jar
2025-09-08 02:19:59,964 [Worker-34: Launching Executing install in E__Workspace_webfashionshop] INFO  o.eclipse.m2e.core.internal.Bundles - 	Entry: E:\Programs\Coding\Web\Eclipse_Java_SpringTool\sts-4.31.0.RELEASE\plugins\org.eclipse.m2e.maven.runtime_3.9.900.20250220-2013\jars\jansi-2.4.1.jar
2025-09-08 02:19:59,964 [Worker-34: Launching Executing install in E__Workspace_webfashionshop] INFO  o.eclipse.m2e.core.internal.Bundles - 	Entry: E:\Programs\Coding\Web\Eclipse_Java_SpringTool\sts-4.31.0.RELEASE\plugins\org.eclipse.m2e.maven.runtime_3.9.900.20250220-2013\jars\jcl-over-slf4j-1.7.36.jar
2025-09-08 02:19:59,964 [Worker-34: Launching Executing install in E__Workspace_webfashionshop] INFO  o.eclipse.m2e.core.internal.Bundles - 	Entry: E:\Programs\Coding\Web\Eclipse_Java_SpringTool\sts-4.31.0.RELEASE\plugins\org.eclipse.m2e.maven.runtime_3.9.900.20250220-2013\jars\maven-artifact-3.9.9.jar
2025-09-08 02:19:59,964 [Worker-34: Launching Executing install in E__Workspace_webfashionshop] INFO  o.eclipse.m2e.core.internal.Bundles - 	Entry: E:\Programs\Coding\Web\Eclipse_Java_SpringTool\sts-4.31.0.RELEASE\plugins\org.eclipse.m2e.maven.runtime_3.9.900.20250220-2013\jars\maven-builder-support-3.9.9.jar
2025-09-08 02:19:59,964 [Worker-34: Launching Executing install in E__Workspace_webfashionshop] INFO  o.eclipse.m2e.core.internal.Bundles - 	Entry: E:\Programs\Coding\Web\Eclipse_Java_SpringTool\sts-4.31.0.RELEASE\plugins\org.eclipse.m2e.maven.runtime_3.9.900.20250220-2013\jars\maven-compat-3.9.9.jar
2025-09-08 02:19:59,965 [Worker-34: Launching Executing install in E__Workspace_webfashionshop] INFO  o.eclipse.m2e.core.internal.Bundles - 	Entry: E:\Programs\Coding\Web\Eclipse_Java_SpringTool\sts-4.31.0.RELEASE\plugins\org.eclipse.m2e.maven.runtime_3.9.900.20250220-2013\jars\maven-core-3.9.9.jar
2025-09-08 02:19:59,965 [Worker-34: Launching Executing install in E__Workspace_webfashionshop] INFO  o.eclipse.m2e.core.internal.Bundles - 	Entry: E:\Programs\Coding\Web\Eclipse_Java_SpringTool\sts-4.31.0.RELEASE\plugins\org.eclipse.m2e.maven.runtime_3.9.900.20250220-2013\jars\maven-embedder-3.9.9.jar
2025-09-08 02:19:59,965 [Worker-34: Launching Executing install in E__Workspace_webfashionshop] INFO  o.eclipse.m2e.core.internal.Bundles - 	Entry: E:\Programs\Coding\Web\Eclipse_Java_SpringTool\sts-4.31.0.RELEASE\plugins\org.eclipse.m2e.maven.runtime_3.9.900.20250220-2013\jars\maven-model-3.9.9.jar
2025-09-08 02:19:59,965 [Worker-34: Launching Executing install in E__Workspace_webfashionshop] INFO  o.eclipse.m2e.core.internal.Bundles - 	Entry: E:\Programs\Coding\Web\Eclipse_Java_SpringTool\sts-4.31.0.RELEASE\plugins\org.eclipse.m2e.maven.runtime_3.9.900.20250220-2013\jars\maven-model-builder-3.9.9.jar
2025-09-08 02:19:59,966 [Worker-34: Launching Executing install in E__Workspace_webfashionshop] INFO  o.eclipse.m2e.core.internal.Bundles - 	Entry: E:\Programs\Coding\Web\Eclipse_Java_SpringTool\sts-4.31.0.RELEASE\plugins\org.eclipse.m2e.maven.runtime_3.9.900.20250220-2013\jars\maven-plugin-api-3.9.9.jar
2025-09-08 02:19:59,966 [Worker-34: Launching Executing install in E__Workspace_webfashionshop] INFO  o.eclipse.m2e.core.internal.Bundles - 	Entry: E:\Programs\Coding\Web\Eclipse_Java_SpringTool\sts-4.31.0.RELEASE\plugins\org.eclipse.m2e.maven.runtime_3.9.900.20250220-2013\jars\maven-repository-metadata-3.9.9.jar
2025-09-08 02:19:59,966 [Worker-34: Launching Executing install in E__Workspace_webfashionshop] INFO  o.eclipse.m2e.core.internal.Bundles - 	Entry: E:\Programs\Coding\Web\Eclipse_Java_SpringTool\sts-4.31.0.RELEASE\plugins\org.eclipse.m2e.maven.runtime_3.9.900.20250220-2013\jars\maven-resolver-api-1.9.22.jar
2025-09-08 02:19:59,966 [Worker-34: Launching Executing install in E__Workspace_webfashionshop] INFO  o.eclipse.m2e.core.internal.Bundles - 	Entry: E:\Programs\Coding\Web\Eclipse_Java_SpringTool\sts-4.31.0.RELEASE\plugins\org.eclipse.m2e.maven.runtime_3.9.900.20250220-2013\jars\maven-resolver-connector-basic-1.9.22.jar
2025-09-08 02:19:59,966 [Worker-34: Launching Executing install in E__Workspace_webfashionshop] INFO  o.eclipse.m2e.core.internal.Bundles - 	Entry: E:\Programs\Coding\Web\Eclipse_Java_SpringTool\sts-4.31.0.RELEASE\plugins\org.eclipse.m2e.maven.runtime_3.9.900.20250220-2013\jars\maven-resolver-impl-1.9.22.jar
2025-09-08 02:19:59,966 [Worker-34: Launching Executing install in E__Workspace_webfashionshop] INFO  o.eclipse.m2e.core.internal.Bundles - 	Entry: E:\Programs\Coding\Web\Eclipse_Java_SpringTool\sts-4.31.0.RELEASE\plugins\org.eclipse.m2e.maven.runtime_3.9.900.20250220-2013\jars\maven-resolver-named-locks-1.9.22.jar
2025-09-08 02:19:59,966 [Worker-34: Launching Executing install in E__Workspace_webfashionshop] INFO  o.eclipse.m2e.core.internal.Bundles - 	Entry: E:\Programs\Coding\Web\Eclipse_Java_SpringTool\sts-4.31.0.RELEASE\plugins\org.eclipse.m2e.maven.runtime_3.9.900.20250220-2013\jars\maven-resolver-provider-3.9.9.jar
2025-09-08 02:19:59,966 [Worker-34: Launching Executing install in E__Workspace_webfashionshop] INFO  o.eclipse.m2e.core.internal.Bundles - 	Entry: E:\Programs\Coding\Web\Eclipse_Java_SpringTool\sts-4.31.0.RELEASE\plugins\org.eclipse.m2e.maven.runtime_3.9.900.20250220-2013\jars\maven-resolver-spi-1.9.22.jar
2025-09-08 02:19:59,966 [Worker-34: Launching Executing install in E__Workspace_webfashionshop] INFO  o.eclipse.m2e.core.internal.Bundles - 	Entry: E:\Programs\Coding\Web\Eclipse_Java_SpringTool\sts-4.31.0.RELEASE\plugins\org.eclipse.m2e.maven.runtime_3.9.900.20250220-2013\jars\maven-resolver-transport-file-1.9.22.jar
2025-09-08 02:19:59,966 [Worker-34: Launching Executing install in E__Workspace_webfashionshop] INFO  o.eclipse.m2e.core.internal.Bundles - 	Entry: E:\Programs\Coding\Web\Eclipse_Java_SpringTool\sts-4.31.0.RELEASE\plugins\org.eclipse.m2e.maven.runtime_3.9.900.20250220-2013\jars\maven-resolver-transport-http-1.9.22.jar
2025-09-08 02:19:59,967 [Worker-34: Launching Executing install in E__Workspace_webfashionshop] INFO  o.eclipse.m2e.core.internal.Bundles - 	Entry: E:\Programs\Coding\Web\Eclipse_Java_SpringTool\sts-4.31.0.RELEASE\plugins\org.eclipse.m2e.maven.runtime_3.9.900.20250220-2013\jars\maven-resolver-transport-wagon-1.9.22.jar
2025-09-08 02:19:59,967 [Worker-34: Launching Executing install in E__Workspace_webfashionshop] INFO  o.eclipse.m2e.core.internal.Bundles - 	Entry: E:\Programs\Coding\Web\Eclipse_Java_SpringTool\sts-4.31.0.RELEASE\plugins\org.eclipse.m2e.maven.runtime_3.9.900.20250220-2013\jars\maven-resolver-util-1.9.22.jar
2025-09-08 02:19:59,967 [Worker-34: Launching Executing install in E__Workspace_webfashionshop] INFO  o.eclipse.m2e.core.internal.Bundles - 	Entry: E:\Programs\Coding\Web\Eclipse_Java_SpringTool\sts-4.31.0.RELEASE\plugins\org.eclipse.m2e.maven.runtime_3.9.900.20250220-2013\jars\maven-settings-3.9.9.jar
2025-09-08 02:19:59,967 [Worker-34: Launching Executing install in E__Workspace_webfashionshop] INFO  o.eclipse.m2e.core.internal.Bundles - 	Entry: E:\Programs\Coding\Web\Eclipse_Java_SpringTool\sts-4.31.0.RELEASE\plugins\org.eclipse.m2e.maven.runtime_3.9.900.20250220-2013\jars\maven-settings-builder-3.9.9.jar
2025-09-08 02:19:59,967 [Worker-34: Launching Executing install in E__Workspace_webfashionshop] INFO  o.eclipse.m2e.core.internal.Bundles - 	Entry: E:\Programs\Coding\Web\Eclipse_Java_SpringTool\sts-4.31.0.RELEASE\plugins\org.eclipse.m2e.maven.runtime_3.9.900.20250220-2013\jars\maven-shared-utils-3.4.2.jar
2025-09-08 02:19:59,967 [Worker-34: Launching Executing install in E__Workspace_webfashionshop] INFO  o.eclipse.m2e.core.internal.Bundles - 	Entry: E:\Programs\Coding\Web\Eclipse_Java_SpringTool\sts-4.31.0.RELEASE\plugins\org.eclipse.m2e.maven.runtime_3.9.900.20250220-2013\jars\org.eclipse.sisu.inject-0.9.0.M3.jar
2025-09-08 02:19:59,967 [Worker-34: Launching Executing install in E__Workspace_webfashionshop] INFO  o.eclipse.m2e.core.internal.Bundles - 	Entry: E:\Programs\Coding\Web\Eclipse_Java_SpringTool\sts-4.31.0.RELEASE\plugins\org.eclipse.m2e.maven.runtime_3.9.900.20250220-2013\jars\org.eclipse.sisu.plexus-0.9.0.M3.jar
2025-09-08 02:19:59,967 [Worker-34: Launching Executing install in E__Workspace_webfashionshop] INFO  o.eclipse.m2e.core.internal.Bundles - 	Entry: E:\Programs\Coding\Web\Eclipse_Java_SpringTool\sts-4.31.0.RELEASE\plugins\org.eclipse.m2e.maven.runtime_3.9.900.20250220-2013\jars\plexus-build-api-0.0.7.jar
2025-09-08 02:19:59,967 [Worker-34: Launching Executing install in E__Workspace_webfashionshop] INFO  o.eclipse.m2e.core.internal.Bundles - 	Entry: E:\Programs\Coding\Web\Eclipse_Java_SpringTool\sts-4.31.0.RELEASE\plugins\org.eclipse.m2e.maven.runtime_3.9.900.20250220-2013\jars\plexus-build-api-1.2.0.jar
2025-09-08 02:19:59,967 [Worker-34: Launching Executing install in E__Workspace_webfashionshop] INFO  o.eclipse.m2e.core.internal.Bundles - 	Entry: E:\Programs\Coding\Web\Eclipse_Java_SpringTool\sts-4.31.0.RELEASE\plugins\org.eclipse.m2e.maven.runtime_3.9.900.20250220-2013\jars\plexus-cipher-2.0.jar
2025-09-08 02:19:59,967 [Worker-34: Launching Executing install in E__Workspace_webfashionshop] INFO  o.eclipse.m2e.core.internal.Bundles - 	Entry: E:\Programs\Coding\Web\Eclipse_Java_SpringTool\sts-4.31.0.RELEASE\plugins\org.eclipse.m2e.maven.runtime_3.9.900.20250220-2013\jars\plexus-classworlds-2.8.0.jar
2025-09-08 02:19:59,967 [Worker-34: Launching Executing install in E__Workspace_webfashionshop] INFO  o.eclipse.m2e.core.internal.Bundles - 	Entry: E:\Programs\Coding\Web\Eclipse_Java_SpringTool\sts-4.31.0.RELEASE\plugins\org.eclipse.m2e.maven.runtime_3.9.900.20250220-2013\jars\plexus-component-annotations-2.1.0.jar
2025-09-08 02:19:59,967 [Worker-34: Launching Executing install in E__Workspace_webfashionshop] INFO  o.eclipse.m2e.core.internal.Bundles - 	Entry: E:\Programs\Coding\Web\Eclipse_Java_SpringTool\sts-4.31.0.RELEASE\plugins\org.eclipse.m2e.maven.runtime_3.9.900.20250220-2013\jars\plexus-interpolation-1.27.jar
2025-09-08 02:19:59,967 [Worker-34: Launching Executing install in E__Workspace_webfashionshop] INFO  o.eclipse.m2e.core.internal.Bundles - 	Entry: E:\Programs\Coding\Web\Eclipse_Java_SpringTool\sts-4.31.0.RELEASE\plugins\org.eclipse.m2e.maven.runtime_3.9.900.20250220-2013\jars\plexus-sec-dispatcher-2.0.jar
2025-09-08 02:19:59,967 [Worker-34: Launching Executing install in E__Workspace_webfashionshop] INFO  o.eclipse.m2e.core.internal.Bundles - 	Entry: E:\Programs\Coding\Web\Eclipse_Java_SpringTool\sts-4.31.0.RELEASE\plugins\org.eclipse.m2e.maven.runtime_3.9.900.20250220-2013\jars\plexus-utils-3.5.1.jar
2025-09-08 02:19:59,968 [Worker-34: Launching Executing install in E__Workspace_webfashionshop] INFO  o.eclipse.m2e.core.internal.Bundles - 	Entry: E:\Programs\Coding\Web\Eclipse_Java_SpringTool\sts-4.31.0.RELEASE\plugins\org.eclipse.m2e.maven.runtime_3.9.900.20250220-2013\jars\plexus-xml-3.0.1.jar
2025-09-08 02:19:59,968 [Worker-34: Launching Executing install in E__Workspace_webfashionshop] INFO  o.eclipse.m2e.core.internal.Bundles - 	Entry: E:\Programs\Coding\Web\Eclipse_Java_SpringTool\sts-4.31.0.RELEASE\plugins\org.eclipse.m2e.maven.runtime_3.9.900.20250220-2013\jars\wagon-file-3.5.3.jar
2025-09-08 02:19:59,968 [Worker-34: Launching Executing install in E__Workspace_webfashionshop] INFO  o.eclipse.m2e.core.internal.Bundles - 	Entry: E:\Programs\Coding\Web\Eclipse_Java_SpringTool\sts-4.31.0.RELEASE\plugins\org.eclipse.m2e.maven.runtime_3.9.900.20250220-2013\jars\wagon-http-3.5.3.jar
2025-09-08 02:19:59,968 [Worker-34: Launching Executing install in E__Workspace_webfashionshop] INFO  o.eclipse.m2e.core.internal.Bundles - 	Entry: E:\Programs\Coding\Web\Eclipse_Java_SpringTool\sts-4.31.0.RELEASE\plugins\org.eclipse.m2e.maven.runtime_3.9.900.20250220-2013\jars\wagon-http-shared-3.5.3.jar
2025-09-08 02:19:59,968 [Worker-34: Launching Executing install in E__Workspace_webfashionshop] INFO  o.eclipse.m2e.core.internal.Bundles - 	Entry: E:\Programs\Coding\Web\Eclipse_Java_SpringTool\sts-4.31.0.RELEASE\plugins\org.eclipse.m2e.maven.runtime_3.9.900.20250220-2013\jars\wagon-provider-api-3.5.3.jar
2025-09-08 02:19:59,968 [Worker-34: Launching Executing install in E__Workspace_webfashionshop] INFO  o.eclipse.m2e.core.internal.Bundles - getClasspathEntries(Bundle=com.google.guava_33.4.8.jre [31])
2025-09-08 02:19:59,968 [Worker-34: Launching Executing install in E__Workspace_webfashionshop] INFO  o.eclipse.m2e.core.internal.Bundles - 	Entry: E:\Programs\Coding\Web\Eclipse_Java_SpringTool\sts-4.31.0.RELEASE\plugins\com.google.guava_33.4.8.jre.jar
2025-09-08 02:19:59,968 [Worker-34: Launching Executing install in E__Workspace_webfashionshop] INFO  o.eclipse.m2e.core.internal.Bundles - getClasspathEntries(Bundle=slf4j.api_2.0.17 [613])
2025-09-08 02:19:59,969 [Worker-34: Launching Executing install in E__Workspace_webfashionshop] INFO  o.eclipse.m2e.core.internal.Bundles - 	Entry: E:\Programs\Coding\Web\Eclipse_Java_SpringTool\sts-4.31.0.RELEASE\plugins\slf4j.api_2.0.17.jar
2025-09-08 02:19:59,969 [Worker-34: Launching Executing install in E__Workspace_webfashionshop] INFO  o.eclipse.m2e.core.internal.Bundles - getClasspathEntries(Bundle=jakarta.inject.jakarta.inject-api_1.0.5 [46])
2025-09-08 02:19:59,969 [Worker-34: Launching Executing install in E__Workspace_webfashionshop] INFO  o.eclipse.m2e.core.internal.Bundles - 	Entry: E:\Programs\Coding\Web\Eclipse_Java_SpringTool\sts-4.31.0.RELEASE\plugins\jakarta.inject.jakarta.inject-api_1.0.5.jar
2025-09-08 02:19:59,969 [Worker-34: Launching Executing install in E__Workspace_webfashionshop] INFO  o.eclipse.m2e.core.internal.Bundles - getClasspathEntries(Bundle=javax.annotation_1.3.5.v20200909-1856 [55])
2025-09-08 02:19:59,969 [Worker-34: Launching Executing install in E__Workspace_webfashionshop] INFO  o.eclipse.m2e.core.internal.Bundles - 	Entry: E:\Programs\Coding\Web\Eclipse_Java_SpringTool\sts-4.31.0.RELEASE\plugins\javax.annotation_1.3.5.v20200909-1856.jar
2025-09-08 02:19:59,969 [Worker-34: Launching Executing install in E__Workspace_webfashionshop] INFO  o.eclipse.m2e.core.internal.Bundles - getClasspathEntries(Bundle=org.apache.commons.cli_1.9.0 [79])
2025-09-08 02:19:59,971 [Worker-34: Launching Executing install in E__Workspace_webfashionshop] INFO  o.eclipse.m2e.core.internal.Bundles - 	Entry: E:\Programs\Coding\Web\Eclipse_Java_SpringTool\sts-4.31.0.RELEASE\plugins\org.apache.commons.cli_1.9.0.jar
2025-09-08 02:19:59,971 [Worker-34: Launching Executing install in E__Workspace_webfashionshop] INFO  o.eclipse.m2e.core.internal.Bundles - getClasspathEntries(Bundle=org.apache.commons.commons-codec_1.16.0 [81])
2025-09-08 02:19:59,971 [Worker-34: Launching Executing install in E__Workspace_webfashionshop] INFO  o.eclipse.m2e.core.internal.Bundles - 	Entry: E:\Programs\Coding\Web\Eclipse_Java_SpringTool\sts-4.31.0.RELEASE\plugins\org.apache.commons.commons-codec_1.16.0.jar
2025-09-08 02:19:59,971 [Worker-34: Launching Executing install in E__Workspace_webfashionshop] INFO  o.eclipse.m2e.core.internal.Bundles - getClasspathEntries(Bundle=com.google.guava.failureaccess_1.0.3 [32])
2025-09-08 02:19:59,971 [Worker-34: Launching Executing install in E__Workspace_webfashionshop] INFO  o.eclipse.m2e.core.internal.Bundles - 	Entry: E:\Programs\Coding\Web\Eclipse_Java_SpringTool\sts-4.31.0.RELEASE\plugins\com.google.guava.failureaccess_1.0.3.jar
2025-09-08 02:19:59,972 [Worker-34: Launching Executing install in E__Workspace_webfashionshop] INFO  o.e.m.i.launch.MavenLaunchDelegate - Run build in "E:\Workspace\webfashionshop":
2025-09-08 02:19:59,973 [Worker-34: Launching Executing install in E__Workspace_webfashionshop] INFO  o.e.m.i.launch.MavenLaunchDelegate -  mvn  -B -Dstyle.color=always -s E:\Programs\Coding\Web\Eclipse_Java_SpringTool\apache-maven-3.9.11\conf\settings.xml install
2025-09-08 02:20:23,352 [Worker-31: Updating Maven Project] INFO  o.e.m.c.i.p.ProjectConfigurationManager - Update started
2025-09-08 02:20:23,535 [Worker-31: Updating Maven Project] INFO  o.e.m.c.i.l.LifecycleMappingFactory - Using org.maven.ide.eclipse.wtp.WarLifecycleMapping lifecycle mapping for MavenProject: hcmute.vn:webfashionshop:1.0-SNAPSHOT @ E:\Workspace\webfashionshop\pom.xml.
2025-09-08 02:20:23,966 [Worker-31: Updating Maven Project] INFO  o.e.m.j.i.AbstractJavaProjectConfigurator - Adding source folder /webfashionshop/src/main/java
2025-09-08 02:20:23,966 [Worker-31: Updating Maven Project] INFO  o.e.m.j.i.AbstractJavaProjectConfigurator - Adding resource folder /webfashionshop/src/main/resources
2025-09-08 02:20:23,966 [Worker-31: Updating Maven Project] INFO  o.e.m.j.i.AbstractJavaProjectConfigurator - Adding source folder /webfashionshop/src/test/java
2025-09-08 02:20:23,967 [Worker-31: Updating Maven Project] INFO  o.e.m.j.i.AbstractJavaProjectConfigurator - Adding resource folder /webfashionshop/src/test/resources
2025-09-08 02:20:24,077 [Worker-31: Updating Maven Project] INFO  o.e.m.w.i.f.ResourceFilteringBuildParticipant - Cleaning filtered folder for webfashionshop
2025-09-08 02:20:24,093 [Worker-31: Updating Maven Project] INFO  o.e.m.c.i.p.ProjectConfigurationManager - Update completed for 1 poms: local refresh takes 0,00 sec, refresh facades takes 0,00 sec, update config takes 0,00 sec 
2025-09-08 02:20:24,252 [Worker-29: Building] INFO  o.a.m.s.f.DefaultMavenResourcesFiltering - Copying 0 resource from src\main\resources to target\classes
2025-09-08 02:20:24,255 [Worker-29: Building] INFO  o.a.m.s.f.DefaultMavenResourcesFiltering - Copying 0 resource from src\test\resources to target\test-classes
2025-09-08 02:20:24,255 [Worker-29: Building] INFO  o.e.m.w.i.f.ResourceFilteringBuildParticipant - Changed resources require a complete clean of filtered resources of webfashionshop
2025-09-08 02:20:24,256 [Worker-29: Building] INFO  o.e.m.w.i.f.ResourceFilteringBuildParticipant - Executing resource filtering for webfashionshop
2025-09-08 02:21:11,404 [Worker-5: Loading available Gradle versions] INFO  o.e.b.c.i.u.g.PublishedGradleVersions - Gradle version information cache is up-to-date. Trying to read.
2025-09-08 02:21:55,119 [Worker-15: Cleaning all projects] INFO  o.e.m.w.i.f.ResourceFilteringBuildParticipant - Cleaning filtered folder for webfashionshop
2025-09-08 02:21:55,625 [Worker-5: Building] INFO  o.a.m.s.f.DefaultMavenResourcesFiltering - Copying 0 resource from src\main\resources to target\classes
2025-09-08 02:21:55,632 [Worker-5: Building] INFO  o.a.m.s.f.DefaultMavenResourcesFiltering - Copying 0 resource from src\test\resources to target\test-classes
2025-09-08 02:21:55,633 [Worker-5: Building] INFO  o.e.m.w.i.f.ResourceFilteringBuildParticipant - Changed resources require a complete clean of filtered resources of webfashionshop
2025-09-08 02:21:55,635 [Worker-5: Building] INFO  o.e.m.w.i.f.ResourceFilteringBuildParticipant - Executing resource filtering for webfashionshop
2025-09-08 02:22:22,176 [Worker-2: Updating Maven Project] INFO  o.e.m.c.i.p.ProjectConfigurationManager - Update started
2025-09-08 02:22:22,522 [Worker-2: Updating Maven Project] INFO  o.e.m.c.i.l.LifecycleMappingFactory - Using org.maven.ide.eclipse.wtp.WarLifecycleMapping lifecycle mapping for MavenProject: hcmute.vn:webfashionshop:1.0-SNAPSHOT @ E:\Workspace\webfashionshop\pom.xml.
2025-09-08 02:22:23,255 [Worker-2: Updating Maven Project] INFO  o.e.m.j.i.AbstractJavaProjectConfigurator - Adding source folder /webfashionshop/src/main/java
2025-09-08 02:22:23,257 [Worker-2: Updating Maven Project] INFO  o.e.m.j.i.AbstractJavaProjectConfigurator - Adding resource folder /webfashionshop/src/main/resources
2025-09-08 02:22:23,258 [Worker-2: Updating Maven Project] INFO  o.e.m.j.i.AbstractJavaProjectConfigurator - Adding source folder /webfashionshop/src/test/java
2025-09-08 02:22:23,259 [Worker-2: Updating Maven Project] INFO  o.e.m.j.i.AbstractJavaProjectConfigurator - Adding resource folder /webfashionshop/src/test/resources
2025-09-08 02:22:23,434 [Worker-2: Updating Maven Project] INFO  o.e.m.w.i.f.ResourceFilteringBuildParticipant - Cleaning filtered folder for webfashionshop
2025-09-08 02:22:23,453 [Worker-2: Updating Maven Project] INFO  o.e.m.c.i.p.ProjectConfigurationManager - Update completed for 1 poms: local refresh takes 0,00 sec, refresh facades takes 0,00 sec, update config takes 0,00 sec 
2025-09-08 02:22:23,685 [Worker-10: Building] INFO  o.a.m.s.f.DefaultMavenResourcesFiltering - Copying 0 resource from src\main\resources to target\classes
2025-09-08 02:22:23,691 [Worker-10: Building] INFO  o.a.m.s.f.DefaultMavenResourcesFiltering - Copying 0 resource from src\test\resources to target\test-classes
2025-09-08 02:22:23,691 [Worker-10: Building] INFO  o.e.m.w.i.f.ResourceFilteringBuildParticipant - Changed resources require a complete clean of filtered resources of webfashionshop
2025-09-08 02:22:23,691 [Worker-10: Building] INFO  o.e.m.w.i.f.ResourceFilteringBuildParticipant - Executing resource filtering for webfashionshop
2025-09-08 02:22:34,251 [Worker-19: Building] INFO  o.a.m.s.f.DefaultMavenResourcesFiltering - Copying 0 resource from src\main\resources to target\classes
2025-09-08 02:22:34,254 [Worker-19: Building] INFO  o.a.m.s.f.DefaultMavenResourcesFiltering - Copying 0 resource from src\test\resources to target\test-classes
2025-09-08 02:40:27,757 [Worker-14: Building] INFO  o.a.m.s.f.DefaultMavenResourcesFiltering - Copying 0 resource from src\main\resources to target\classes
2025-09-08 02:40:27,760 [Worker-14: Building] INFO  o.a.m.s.f.DefaultMavenResourcesFiltering - Copying 0 resource from src\test\resources to target\test-classes
2025-09-08 02:43:27,811 [Worker-19: Building] INFO  o.a.m.s.f.DefaultMavenResourcesFiltering - Copying 0 resource from src\main\resources to target\classes
2025-09-08 02:43:27,814 [Worker-19: Building] INFO  o.a.m.s.f.DefaultMavenResourcesFiltering - Copying 0 resource from src\test\resources to target\test-classes
2025-09-08 02:44:59,571 [Worker-8: Building] INFO  o.a.m.s.f.DefaultMavenResourcesFiltering - Copying 0 resource from src\main\resources to target\classes
2025-09-08 02:44:59,576 [Worker-8: Building] INFO  o.a.m.s.f.DefaultMavenResourcesFiltering - Copying 0 resource from src\test\resources to target\test-classes
2025-09-08 02:46:25,461 [Worker-5: Building] INFO  o.a.m.s.f.DefaultMavenResourcesFiltering - Copying 0 resource from src\main\resources to target\classes
2025-09-08 02:46:25,463 [Worker-5: Building] INFO  o.a.m.s.f.DefaultMavenResourcesFiltering - Copying 0 resource from src\test\resources to target\test-classes
2025-09-08 02:49:13,470 [Worker-15: Building] INFO  o.a.m.s.f.DefaultMavenResourcesFiltering - Copying 0 resource from src\main\resources to target\classes
2025-09-08 02:49:13,473 [Worker-15: Building] INFO  o.a.m.s.f.DefaultMavenResourcesFiltering - Copying 0 resource from src\test\resources to target\test-classes
2025-09-08 02:53:58,131 [Worker-13: Building] INFO  o.a.m.s.f.DefaultMavenResourcesFiltering - Copying 0 resource from src\main\resources to target\classes
2025-09-08 02:53:58,133 [Worker-13: Building] INFO  o.a.m.s.f.DefaultMavenResourcesFiltering - Copying 0 resource from src\test\resources to target\test-classes
2025-09-08 02:55:53,693 [Worker-8: Building] INFO  o.a.m.s.f.DefaultMavenResourcesFiltering - Copying 0 resource from src\main\resources to target\classes
2025-09-08 02:55:53,695 [Worker-8: Building] INFO  o.a.m.s.f.DefaultMavenResourcesFiltering - Copying 0 resource from src\test\resources to target\test-classes
2025-09-08 02:56:14,129 [Worker-13: Building] INFO  o.a.m.s.f.DefaultMavenResourcesFiltering - Copying 0 resource from src\main\resources to target\classes
2025-09-08 02:56:14,132 [Worker-13: Building] INFO  o.a.m.s.f.DefaultMavenResourcesFiltering - Copying 0 resource from src\test\resources to target\test-classes
2025-09-08 02:56:24,886 [Worker-19: Building] INFO  o.a.m.s.f.DefaultMavenResourcesFiltering - Copying 0 resource from src\main\resources to target\classes
2025-09-08 02:56:24,889 [Worker-19: Building] INFO  o.a.m.s.f.DefaultMavenResourcesFiltering - Copying 0 resource from src\test\resources to target\test-classes
2025-09-08 02:56:34,475 [Worker-6: Building] INFO  o.a.m.s.f.DefaultMavenResourcesFiltering - Copying 0 resource from src\main\resources to target\classes
2025-09-08 02:56:34,478 [Worker-6: Building] INFO  o.a.m.s.f.DefaultMavenResourcesFiltering - Copying 0 resource from src\test\resources to target\test-classes
2025-09-08 02:56:56,305 [Worker-12: Building] INFO  o.a.m.s.f.DefaultMavenResourcesFiltering - Copying 0 resource from src\main\resources to target\classes
2025-09-08 02:56:56,308 [Worker-12: Building] INFO  o.a.m.s.f.DefaultMavenResourcesFiltering - Copying 0 resource from src\test\resources to target\test-classes
2025-09-08 03:00:03,305 [Worker-13: Building] INFO  o.a.m.s.f.DefaultMavenResourcesFiltering - Copying 0 resource from src\main\resources to target\classes
2025-09-08 03:00:03,308 [Worker-13: Building] INFO  o.a.m.s.f.DefaultMavenResourcesFiltering - Copying 0 resource from src\test\resources to target\test-classes
2025-09-08 03:01:01,951 [Worker-10: Building] INFO  o.a.m.s.f.DefaultMavenResourcesFiltering - Copying 0 resource from src\main\resources to target\classes
2025-09-08 03:01:01,954 [Worker-10: Building] INFO  o.a.m.s.f.DefaultMavenResourcesFiltering - Copying 0 resource from src\test\resources to target\test-classes
2025-09-08 03:01:28,680 [Worker-14: Building] INFO  o.a.m.s.f.DefaultMavenResourcesFiltering - Copying 0 resource from src\main\resources to target\classes
2025-09-08 03:01:28,683 [Worker-14: Building] INFO  o.a.m.s.f.DefaultMavenResourcesFiltering - Copying 0 resource from src\test\resources to target\test-classes
2025-09-08 03:01:41,876 [Worker-6: Building] INFO  o.a.m.s.f.DefaultMavenResourcesFiltering - Copying 0 resource from src\main\resources to target\classes
2025-09-08 03:01:41,879 [Worker-6: Building] INFO  o.a.m.s.f.DefaultMavenResourcesFiltering - Copying 0 resource from src\test\resources to target\test-classes
2025-09-08 03:01:47,766 [Worker-14: Updating Maven Project] INFO  o.e.m.c.i.p.ProjectConfigurationManager - Update started
2025-09-08 03:01:48,083 [Worker-14: Updating Maven Project] INFO  o.e.m.c.i.l.LifecycleMappingFactory - Using org.maven.ide.eclipse.wtp.WarLifecycleMapping lifecycle mapping for MavenProject: hcmute.vn:webfashionshop:1.0-SNAPSHOT @ E:\Workspace\webfashionshop\pom.xml.
2025-09-08 03:01:48,844 [Worker-14: Updating Maven Project] INFO  o.e.m.j.i.AbstractJavaProjectConfigurator - Adding source folder /webfashionshop/src/main/java
2025-09-08 03:01:48,846 [Worker-14: Updating Maven Project] INFO  o.e.m.j.i.AbstractJavaProjectConfigurator - Adding resource folder /webfashionshop/src/main/resources
2025-09-08 03:01:48,846 [Worker-14: Updating Maven Project] INFO  o.e.m.j.i.AbstractJavaProjectConfigurator - Adding source folder /webfashionshop/src/test/java
2025-09-08 03:01:48,846 [Worker-14: Updating Maven Project] INFO  o.e.m.j.i.AbstractJavaProjectConfigurator - Adding resource folder /webfashionshop/src/test/resources
2025-09-08 03:01:48,951 [Worker-14: Updating Maven Project] INFO  o.e.m.w.i.f.ResourceFilteringBuildParticipant - Cleaning filtered folder for webfashionshop
2025-09-08 03:01:48,965 [Worker-14: Updating Maven Project] INFO  o.e.m.c.i.p.ProjectConfigurationManager - Update completed for 1 poms: local refresh takes 0,00 sec, refresh facades takes 0,00 sec, update config takes 0,00 sec 
2025-09-08 03:01:49,149 [Worker-15: Building] INFO  o.a.m.s.f.DefaultMavenResourcesFiltering - Copying 0 resource from src\main\resources to target\classes
2025-09-08 03:01:49,153 [Worker-15: Building] INFO  o.a.m.s.f.DefaultMavenResourcesFiltering - Copying 0 resource from src\test\resources to target\test-classes
2025-09-08 03:01:49,154 [Worker-15: Building] INFO  o.e.m.w.i.f.ResourceFilteringBuildParticipant - Changed resources require a complete clean of filtered resources of webfashionshop
2025-09-08 03:01:49,154 [Worker-15: Building] INFO  o.e.m.w.i.f.ResourceFilteringBuildParticipant - Executing resource filtering for webfashionshop
2025-09-08 03:05:04,852 [Worker-20: Building] INFO  o.a.m.s.f.DefaultMavenResourcesFiltering - Copying 0 resource from src\main\resources to target\classes
2025-09-08 03:05:04,855 [Worker-20: Building] INFO  o.a.m.s.f.DefaultMavenResourcesFiltering - Copying 0 resource from src\test\resources to target\test-classes
2025-09-08 03:09:56,213 [Worker-16: Building] INFO  o.a.m.s.f.DefaultMavenResourcesFiltering - Copying 0 resource from src\main\resources to target\classes
2025-09-08 03:09:56,215 [Worker-16: Building] INFO  o.a.m.s.f.DefaultMavenResourcesFiltering - Copying 0 resource from src\test\resources to target\test-classes
2025-09-08 12:34:57,770 [Worker-9: Loading available Gradle versions] INFO  o.e.b.c.i.u.g.PublishedGradleVersions - Gradle version information cache is up-to-date. Trying to read.
2025-09-08 13:12:46,318 [Worker-18: Building] INFO  o.a.m.s.f.DefaultMavenResourcesFiltering - Copying 0 resource from src\main\resources to target\classes
2025-09-08 13:12:46,358 [Worker-18: Building] INFO  o.a.m.s.f.DefaultMavenResourcesFiltering - Copying 0 resource from src\test\resources to target\test-classes
2025-09-08 13:13:01,699 [Worker-21: Building] INFO  o.a.m.s.f.DefaultMavenResourcesFiltering - Copying 0 resource from src\main\resources to target\classes
2025-09-08 13:13:01,703 [Worker-21: Building] INFO  o.a.m.s.f.DefaultMavenResourcesFiltering - Copying 0 resource from src\test\resources to target\test-classes
2025-09-08 13:17:34,988 [Worker-11: Building] INFO  o.a.m.s.f.DefaultMavenResourcesFiltering - Copying 0 resource from src\main\resources to target\classes
2025-09-08 13:17:34,994 [Worker-11: Building] INFO  o.a.m.s.f.DefaultMavenResourcesFiltering - Copying 0 resource from src\test\resources to target\test-classes
2025-09-08 13:20:32,093 [Worker-20: Building] INFO  o.a.m.s.f.DefaultMavenResourcesFiltering - Copying 0 resource from src\main\resources to target\classes
2025-09-08 13:20:32,097 [Worker-20: Building] INFO  o.a.m.s.f.DefaultMavenResourcesFiltering - Copying 0 resource from src\test\resources to target\test-classes
2025-09-08 13:22:08,390 [Worker-23: Building] INFO  o.a.m.s.f.DefaultMavenResourcesFiltering - Copying 0 resource from src\main\resources to target\classes
2025-09-08 13:22:08,396 [Worker-23: Building] INFO  o.a.m.s.f.DefaultMavenResourcesFiltering - Copying 0 resource from src\test\resources to target\test-classes
2025-09-08 13:24:52,609 [Worker-18: Building] INFO  o.a.m.s.f.DefaultMavenResourcesFiltering - Copying 0 resource from src\main\resources to target\classes
2025-09-08 13:24:52,613 [Worker-18: Building] INFO  o.a.m.s.f.DefaultMavenResourcesFiltering - Copying 0 resource from src\test\resources to target\test-classes
2025-09-08 13:50:35,075 [Worker-9: Loading available Gradle versions] INFO  o.e.b.c.i.u.g.PublishedGradleVersions - Gradle version information cache is up-to-date. Trying to read.
2025-09-09 11:30:58,487 [Worker-0: Loading available Gradle versions] INFO  o.e.b.c.i.u.g.PublishedGradleVersions - Gradle version information cache is out-of-date. Trying to update.
2025-09-09 11:31:07,312 [Worker-20: Building] INFO  o.a.m.s.f.DefaultMavenResourcesFiltering - Copying 0 resource from src\main\resources to target\classes
2025-09-09 11:31:07,321 [Worker-20: Building] INFO  o.a.m.s.f.DefaultMavenResourcesFiltering - Copying 0 resource from src\test\resources to target\test-classes
2025-09-09 11:58:25,449 [Worker-22: Building] INFO  o.a.m.s.f.DefaultMavenResourcesFiltering - Copying 0 resource from src\main\resources to target\classes
2025-09-09 11:58:25,457 [Worker-22: Building] INFO  o.a.m.s.f.DefaultMavenResourcesFiltering - Copying 0 resource from src\test\resources to target\test-classes
2025-09-09 12:16:53,068 [Worker-24: Building] INFO  o.e.m.c.i.l.LifecycleMappingFactory - Using org.maven.ide.eclipse.wtp.WarLifecycleMapping lifecycle mapping for MavenProject: hcmute.vn:webfashionshop:1.0-SNAPSHOT @ E:\Workspace\webfashionshop\pom.xml.
2025-09-09 12:16:53,649 [Worker-24: Building] INFO  o.e.m.c.i.e.AbstractTransferListenerAdapter - Downloading https://repo.maven.apache.org/maven2/jakarta/mail/jakarta.mail-api/2.1.3/jakarta.mail-api-2.1.3.pom
2025-09-09 12:16:53,696 [Worker-24: Building] INFO  o.e.m.c.i.e.AbstractTransferListenerAdapter - Downloaded https://repo.maven.apache.org/maven2/jakarta/mail/jakarta.mail-api/2.1.3/jakarta.mail-api-2.1.3.pom
2025-09-09 12:16:53,850 [Worker-24: Building] INFO  o.e.m.c.i.e.AbstractTransferListenerAdapter - Downloading https://repo.maven.apache.org/maven2/org/eclipse/ee4j/project/1.0.9/project-1.0.9.pom
2025-09-09 12:16:53,909 [Worker-24: Building] INFO  o.e.m.c.i.e.AbstractTransferListenerAdapter - Downloaded https://repo.maven.apache.org/maven2/org/eclipse/ee4j/project/1.0.9/project-1.0.9.pom
2025-09-09 12:16:54,014 [Worker-24: Building] INFO  o.e.m.c.i.e.AbstractTransferListenerAdapter - Downloading https://repo.maven.apache.org/maven2/jakarta/activation/jakarta.activation-api/2.1.3/jakarta.activation-api-2.1.3.pom
2025-09-09 12:16:54,053 [Worker-24: Building] INFO  o.e.m.c.i.e.AbstractTransferListenerAdapter - Downloaded https://repo.maven.apache.org/maven2/jakarta/activation/jakarta.activation-api/2.1.3/jakarta.activation-api-2.1.3.pom
2025-09-09 12:16:54,155 [Worker-24: Building] INFO  o.e.m.c.i.e.AbstractTransferListenerAdapter - Downloading https://repo.maven.apache.org/maven2/org/eclipse/angus/jakarta.mail/2.0.3/jakarta.mail-2.0.3.pom
2025-09-09 12:16:54,189 [Worker-24: Building] INFO  o.e.m.c.i.e.AbstractTransferListenerAdapter - Downloaded https://repo.maven.apache.org/maven2/org/eclipse/angus/jakarta.mail/2.0.3/jakarta.mail-2.0.3.pom
2025-09-09 12:16:54,371 [Worker-24: Building] INFO  o.e.m.c.i.e.AbstractTransferListenerAdapter - Downloading https://repo.maven.apache.org/maven2/org/eclipse/angus/all/2.0.3/all-2.0.3.pom
2025-09-09 12:16:54,415 [Worker-24: Building] INFO  o.e.m.c.i.e.AbstractTransferListenerAdapter - Downloaded https://repo.maven.apache.org/maven2/org/eclipse/angus/all/2.0.3/all-2.0.3.pom
2025-09-09 12:16:54,564 [Worker-24: Building] INFO  o.e.m.c.i.e.AbstractTransferListenerAdapter - Downloading https://repo.maven.apache.org/maven2/org/eclipse/angus/angus-activation/2.0.2/angus-activation-2.0.2.pom
2025-09-09 12:16:54,600 [Worker-24: Building] INFO  o.e.m.c.i.e.AbstractTransferListenerAdapter - Downloaded https://repo.maven.apache.org/maven2/org/eclipse/angus/angus-activation/2.0.2/angus-activation-2.0.2.pom
2025-09-09 12:16:54,770 [Worker-24: Building] INFO  o.e.m.c.i.e.AbstractTransferListenerAdapter - Downloading https://repo.maven.apache.org/maven2/org/eclipse/angus/angus-activation-project/2.0.2/angus-activation-project-2.0.2.pom
2025-09-09 12:16:54,814 [Worker-24: Building] INFO  o.e.m.c.i.e.AbstractTransferListenerAdapter - Downloaded https://repo.maven.apache.org/maven2/org/eclipse/angus/angus-activation-project/2.0.2/angus-activation-project-2.0.2.pom
2025-09-09 12:16:54,975 [Worker-24: Building] INFO  o.e.m.c.i.e.AbstractTransferListenerAdapter - Downloading https://repo.maven.apache.org/maven2/jakarta/mail/jakarta.mail-api/2.1.3/jakarta.mail-api-2.1.3.jar
2025-09-09 12:16:55,292 [Worker-24: Building] INFO  o.e.m.c.i.e.AbstractTransferListenerAdapter - Downloaded https://repo.maven.apache.org/maven2/jakarta/mail/jakarta.mail-api/2.1.3/jakarta.mail-api-2.1.3.jar
2025-09-09 12:16:55,344 [BasicRepositoryConnector-repo.maven.apache.org-0-1] INFO  o.e.m.c.i.e.AbstractTransferListenerAdapter - Downloading https://repo.maven.apache.org/maven2/org/eclipse/angus/jakarta.mail/2.0.3/jakarta.mail-2.0.3.jar
2025-09-09 12:16:55,400 [BasicRepositoryConnector-repo.maven.apache.org-0-2] INFO  o.e.m.c.i.e.AbstractTransferListenerAdapter - Downloading https://repo.maven.apache.org/maven2/org/eclipse/angus/angus-activation/2.0.2/angus-activation-2.0.2.jar
2025-09-09 12:16:55,436 [BasicRepositoryConnector-repo.maven.apache.org-0-0] INFO  o.e.m.c.i.e.AbstractTransferListenerAdapter - Downloading https://repo.maven.apache.org/maven2/jakarta/activation/jakarta.activation-api/2.1.3/jakarta.activation-api-2.1.3.jar
2025-09-09 12:16:55,530 [BasicRepositoryConnector-repo.maven.apache.org-0-0] INFO  o.e.m.c.i.e.AbstractTransferListenerAdapter - Downloaded https://repo.maven.apache.org/maven2/jakarta/activation/jakarta.activation-api/2.1.3/jakarta.activation-api-2.1.3.jar
2025-09-09 12:16:55,795 [BasicRepositoryConnector-repo.maven.apache.org-0-2] INFO  o.e.m.c.i.e.AbstractTransferListenerAdapter - Downloaded https://repo.maven.apache.org/maven2/org/eclipse/angus/angus-activation/2.0.2/angus-activation-2.0.2.jar
2025-09-09 12:16:55,971 [BasicRepositoryConnector-repo.maven.apache.org-0-1] INFO  o.e.m.c.i.e.AbstractTransferListenerAdapter - Downloaded https://repo.maven.apache.org/maven2/org/eclipse/angus/jakarta.mail/2.0.3/jakarta.mail-2.0.3.jar
2025-09-09 12:16:56,712 [Worker-24: Building] INFO  o.a.m.s.f.DefaultMavenResourcesFiltering - Copying 0 resource from src\main\resources to target\classes
2025-09-09 12:16:56,717 [Worker-24: Building] INFO  o.a.m.s.f.DefaultMavenResourcesFiltering - Copying 0 resource from src\test\resources to target\test-classes
2025-09-09 12:16:56,720 [Worker-24: Building] INFO  o.e.m.w.i.f.ResourceFilteringBuildParticipant - Changed resources require a complete clean of filtered resources of webfashionshop
2025-09-09 12:16:56,720 [Worker-24: Building] INFO  o.e.m.w.i.f.ResourceFilteringBuildParticipant - Executing resource filtering for webfashionshop
2025-09-09 12:16:58,045 [Worker-21: Download sources and javadoc] INFO  o.e.m.c.i.e.AbstractTransferListenerAdapter - Downloading https://repo.maven.apache.org/maven2/jakarta/mail/jakarta.mail-api/2.1.3/jakarta.mail-api-2.1.3-sources.jar
2025-09-09 12:16:59,393 [Worker-21: Download sources and javadoc] INFO  o.e.m.c.i.e.AbstractTransferListenerAdapter - Downloaded https://repo.maven.apache.org/maven2/jakarta/mail/jakarta.mail-api/2.1.3/jakarta.mail-api-2.1.3-sources.jar
2025-09-09 12:16:59,397 [Worker-21: Download sources and javadoc] INFO  o.e.m.j.internal.DownloadSourcesJob - Downloaded sources for jakarta.mail:jakarta.mail-api:2.1.3
2025-09-09 12:16:59,517 [Worker-21: Download sources and javadoc] INFO  o.e.m.c.i.e.AbstractTransferListenerAdapter - Downloading https://repo.maven.apache.org/maven2/jakarta/activation/jakarta.activation-api/2.1.3/jakarta.activation-api-2.1.3-sources.jar
2025-09-09 12:16:59,602 [Worker-21: Download sources and javadoc] INFO  o.e.m.c.i.e.AbstractTransferListenerAdapter - Downloaded https://repo.maven.apache.org/maven2/jakarta/activation/jakarta.activation-api/2.1.3/jakarta.activation-api-2.1.3-sources.jar
2025-09-09 12:16:59,607 [Worker-21: Download sources and javadoc] INFO  o.e.m.j.internal.DownloadSourcesJob - Downloaded sources for jakarta.activation:jakarta.activation-api:2.1.3
2025-09-09 12:16:59,713 [Worker-21: Download sources and javadoc] INFO  o.e.m.c.i.e.AbstractTransferListenerAdapter - Downloading https://repo.maven.apache.org/maven2/org/eclipse/angus/jakarta.mail/2.0.3/jakarta.mail-2.0.3-sources.jar
2025-09-09 12:16:59,912 [Worker-21: Download sources and javadoc] INFO  o.e.m.c.i.e.AbstractTransferListenerAdapter - Downloaded https://repo.maven.apache.org/maven2/org/eclipse/angus/jakarta.mail/2.0.3/jakarta.mail-2.0.3-sources.jar
2025-09-09 12:16:59,916 [Worker-21: Download sources and javadoc] INFO  o.e.m.j.internal.DownloadSourcesJob - Downloaded sources for org.eclipse.angus:jakarta.mail:2.0.3
2025-09-09 12:17:00,030 [Worker-21: Download sources and javadoc] INFO  o.e.m.c.i.e.AbstractTransferListenerAdapter - Downloading https://repo.maven.apache.org/maven2/org/eclipse/angus/angus-activation/2.0.2/angus-activation-2.0.2-sources.jar
2025-09-09 12:17:00,454 [Worker-21: Download sources and javadoc] INFO  o.e.m.c.i.e.AbstractTransferListenerAdapter - Downloaded https://repo.maven.apache.org/maven2/org/eclipse/angus/angus-activation/2.0.2/angus-activation-2.0.2-sources.jar
2025-09-09 12:17:00,459 [Worker-21: Download sources and javadoc] INFO  o.e.m.j.internal.DownloadSourcesJob - Downloaded sources for org.eclipse.angus:angus-activation:2.0.2
2025-09-09 13:00:46,597 [Worker-8: Loading available Gradle versions] INFO  o.e.b.c.i.u.g.PublishedGradleVersions - Gradle version information cache is up-to-date. Trying to read.
2025-09-09 13:00:52,325 [Worker-12: Building] INFO  o.e.m.c.i.l.LifecycleMappingFactory - Using org.maven.ide.eclipse.wtp.WarLifecycleMapping lifecycle mapping for MavenProject: hcmute.vn:webfashionshop:1.0-SNAPSHOT @ E:\Workspace\webfashionshop\pom.xml.
2025-09-09 13:00:55,207 [Worker-12: Building] INFO  o.a.m.s.f.DefaultMavenResourcesFiltering - Copying 0 resource from src\main\resources to target\classes
2025-09-09 13:00:55,212 [Worker-12: Building] INFO  o.a.m.s.f.DefaultMavenResourcesFiltering - Copying 0 resource from src\test\resources to target\test-classes
2025-09-09 13:11:13,241 [Worker-14: Updating Maven Project] INFO  o.e.m.c.i.p.ProjectConfigurationManager - Update started
2025-09-09 13:11:13,526 [Worker-14: Updating Maven Project] INFO  o.e.m.c.i.l.LifecycleMappingFactory - Using org.maven.ide.eclipse.wtp.WarLifecycleMapping lifecycle mapping for MavenProject: hcmute.vn:webfashionshop:1.0-SNAPSHOT @ E:\Workspace\webfashionshop\pom.xml.
2025-09-09 13:11:14,224 [Worker-14: Updating Maven Project] INFO  o.e.m.j.i.AbstractJavaProjectConfigurator - Adding source folder /webfashionshop/src/main/java
2025-09-09 13:11:14,226 [Worker-14: Updating Maven Project] INFO  o.e.m.j.i.AbstractJavaProjectConfigurator - Adding resource folder /webfashionshop/src/main/resources
2025-09-09 13:11:14,228 [Worker-14: Updating Maven Project] INFO  o.e.m.j.i.AbstractJavaProjectConfigurator - Adding source folder /webfashionshop/src/test/java
2025-09-09 13:11:14,229 [Worker-14: Updating Maven Project] INFO  o.e.m.j.i.AbstractJavaProjectConfigurator - Adding resource folder /webfashionshop/src/test/resources
2025-09-09 13:11:14,423 [Worker-14: Updating Maven Project] INFO  o.e.m.w.i.f.ResourceFilteringBuildParticipant - Cleaning filtered folder for webfashionshop
2025-09-09 13:11:14,437 [Worker-14: Updating Maven Project] INFO  o.e.m.c.i.p.ProjectConfigurationManager - Update completed for 1 poms: local refresh takes 0,00 sec, refresh facades takes 0,00 sec, update config takes 0,00 sec 
2025-09-09 13:11:14,699 [Worker-14: Building] INFO  o.a.m.s.f.DefaultMavenResourcesFiltering - Copying 0 resource from src\main\resources to target\classes
2025-09-09 13:11:14,704 [Worker-14: Building] INFO  o.a.m.s.f.DefaultMavenResourcesFiltering - Copying 0 resource from src\test\resources to target\test-classes
2025-09-09 13:11:14,704 [Worker-14: Building] INFO  o.e.m.w.i.f.ResourceFilteringBuildParticipant - Changed resources require a complete clean of filtered resources of webfashionshop
2025-09-09 13:11:14,705 [Worker-14: Building] INFO  o.e.m.w.i.f.ResourceFilteringBuildParticipant - Executing resource filtering for webfashionshop
2025-09-09 14:23:54,151 [Worker-27: Building] INFO  o.a.m.s.f.DefaultMavenResourcesFiltering - Copying 0 resource from src\main\resources to target\classes
2025-09-09 14:23:54,157 [Worker-27: Building] INFO  o.a.m.s.f.DefaultMavenResourcesFiltering - Copying 0 resource from src\test\resources to target\test-classes
2025-09-09 14:25:40,711 [Worker-8: Loading available Gradle versions] INFO  o.e.b.c.i.u.g.PublishedGradleVersions - Gradle version information cache is up-to-date. Trying to read.
2025-09-09 14:56:39,959 [Worker-23: Building] INFO  o.a.m.s.f.DefaultMavenResourcesFiltering - Copying 0 resource from src\main\resources to target\classes
2025-09-09 14:56:39,986 [Worker-23: Building] INFO  o.a.m.s.f.DefaultMavenResourcesFiltering - Copying 0 resource from src\test\resources to target\test-classes
2025-09-09 14:59:30,227 [Worker-27: Building] INFO  o.a.m.s.f.DefaultMavenResourcesFiltering - Copying 0 resource from src\main\resources to target\classes
2025-09-09 14:59:30,233 [Worker-27: Building] INFO  o.a.m.s.f.DefaultMavenResourcesFiltering - Copying 0 resource from src\test\resources to target\test-classes
2025-09-09 15:01:29,401 [Worker-3: Building] INFO  o.a.m.s.f.DefaultMavenResourcesFiltering - Copying 0 resource from src\main\resources to target\classes
2025-09-09 15:01:29,405 [Worker-3: Building] INFO  o.a.m.s.f.DefaultMavenResourcesFiltering - Copying 0 resource from src\test\resources to target\test-classes
2025-09-09 15:01:58,518 [Worker-27: Building] INFO  o.a.m.s.f.DefaultMavenResourcesFiltering - Copying 0 resource from src\main\resources to target\classes
2025-09-09 15:01:58,522 [Worker-27: Building] INFO  o.a.m.s.f.DefaultMavenResourcesFiltering - Copying 0 resource from src\test\resources to target\test-classes
2025-09-09 15:02:46,833 [Worker-27: Building] INFO  o.a.m.s.f.DefaultMavenResourcesFiltering - Copying 0 resource from src\main\resources to target\classes
2025-09-09 15:02:46,837 [Worker-27: Building] INFO  o.a.m.s.f.DefaultMavenResourcesFiltering - Copying 0 resource from src\test\resources to target\test-classes
2025-09-09 15:03:03,258 [Worker-3: Building] INFO  o.a.m.s.f.DefaultMavenResourcesFiltering - Copying 0 resource from src\main\resources to target\classes
2025-09-09 15:03:03,261 [Worker-3: Building] INFO  o.a.m.s.f.DefaultMavenResourcesFiltering - Copying 0 resource from src\test\resources to target\test-classes
2025-09-09 15:03:57,822 [Worker-3: Building] INFO  o.a.m.s.f.DefaultMavenResourcesFiltering - Copying 0 resource from src\main\resources to target\classes
2025-09-09 15:03:57,825 [Worker-3: Building] INFO  o.a.m.s.f.DefaultMavenResourcesFiltering - Copying 0 resource from src\test\resources to target\test-classes
2025-09-09 15:17:37,296 [Worker-3: Building] INFO  o.a.m.s.f.DefaultMavenResourcesFiltering - Copying 0 resource from src\main\resources to target\classes
2025-09-09 15:17:37,300 [Worker-3: Building] INFO  o.a.m.s.f.DefaultMavenResourcesFiltering - Copying 0 resource from src\test\resources to target\test-classes
2025-09-09 15:17:43,568 [Worker-30: Updating Maven Project] INFO  o.e.m.c.i.p.ProjectConfigurationManager - Update started
2025-09-09 15:17:46,296 [Worker-30: Updating Maven Project] INFO  o.e.m.c.i.l.LifecycleMappingFactory - Using org.maven.ide.eclipse.wtp.WarLifecycleMapping lifecycle mapping for MavenProject: hcmute.vn:webfashionshop:1.0-SNAPSHOT @ E:\Workspace\webfashionshop\pom.xml.
2025-09-09 15:17:47,483 [Worker-30: Updating Maven Project] INFO  o.e.m.j.i.AbstractJavaProjectConfigurator - Adding source folder /webfashionshop/src/main/java
2025-09-09 15:17:47,486 [Worker-30: Updating Maven Project] INFO  o.e.m.j.i.AbstractJavaProjectConfigurator - Adding resource folder /webfashionshop/src/main/resources
2025-09-09 15:17:47,486 [Worker-30: Updating Maven Project] INFO  o.e.m.j.i.AbstractJavaProjectConfigurator - Adding source folder /webfashionshop/src/test/java
2025-09-09 15:17:47,487 [Worker-30: Updating Maven Project] INFO  o.e.m.j.i.AbstractJavaProjectConfigurator - Adding resource folder /webfashionshop/src/test/resources
2025-09-09 15:17:47,729 [Worker-30: Updating Maven Project] INFO  o.e.m.w.i.f.ResourceFilteringBuildParticipant - Cleaning filtered folder for webfashionshop
2025-09-09 15:17:47,744 [Worker-30: Updating Maven Project] INFO  o.e.m.c.i.p.ProjectConfigurationManager - Update completed for 1 poms: local refresh takes 0,00 sec, refresh facades takes 3,00 sec, update config takes 0,00 sec 
2025-09-09 15:17:48,056 [Worker-23: Building] INFO  o.a.m.s.f.DefaultMavenResourcesFiltering - Copying 0 resource from src\main\resources to target\classes
2025-09-09 15:17:48,061 [Worker-23: Building] INFO  o.a.m.s.f.DefaultMavenResourcesFiltering - Copying 0 resource from src\test\resources to target\test-classes
2025-09-09 15:17:48,061 [Worker-23: Building] INFO  o.e.m.w.i.f.ResourceFilteringBuildParticipant - Changed resources require a complete clean of filtered resources of webfashionshop
2025-09-09 15:17:48,062 [Worker-23: Building] INFO  o.e.m.w.i.f.ResourceFilteringBuildParticipant - Executing resource filtering for webfashionshop
2025-09-09 15:23:16,135 [Worker-27: Building] INFO  o.a.m.s.f.DefaultMavenResourcesFiltering - Copying 0 resource from src\main\resources to target\classes
2025-09-09 15:23:16,139 [Worker-27: Building] INFO  o.a.m.s.f.DefaultMavenResourcesFiltering - Copying 0 resource from src\test\resources to target\test-classes
2025-09-09 15:28:13,951 [Worker-10: Loading available Gradle versions] INFO  o.e.b.c.i.u.g.PublishedGradleVersions - Gradle version information cache is up-to-date. Trying to read.
2025-09-09 15:32:35,994 [Worker-6: Building] INFO  o.a.m.s.f.DefaultMavenResourcesFiltering - Copying 0 resource from src\main\resources to target\classes
2025-09-09 15:32:36,002 [Worker-6: Building] INFO  o.a.m.s.f.DefaultMavenResourcesFiltering - Copying 0 resource from src\test\resources to target\test-classes
2025-09-09 15:33:48,988 [Worker-7: Building] INFO  o.a.m.s.f.DefaultMavenResourcesFiltering - Copying 0 resource from src\main\resources to target\classes
2025-09-09 15:33:48,991 [Worker-7: Building] INFO  o.a.m.s.f.DefaultMavenResourcesFiltering - Copying 0 resource from src\test\resources to target\test-classes
2025-09-09 15:40:35,120 [Worker-7: Building] INFO  o.a.m.s.f.DefaultMavenResourcesFiltering - Copying 0 resource from src\main\resources to target\classes
2025-09-09 15:40:35,123 [Worker-7: Building] INFO  o.a.m.s.f.DefaultMavenResourcesFiltering - Copying 0 resource from src\test\resources to target\test-classes
2025-09-09 15:47:54,815 [Worker-18: Building] INFO  o.a.m.s.f.DefaultMavenResourcesFiltering - Copying 0 resource from src\main\resources to target\classes
2025-09-09 15:47:54,821 [Worker-18: Building] INFO  o.a.m.s.f.DefaultMavenResourcesFiltering - Copying 0 resource from src\test\resources to target\test-classes
2025-09-09 15:51:02,608 [Worker-8: Building] INFO  o.a.m.s.f.DefaultMavenResourcesFiltering - Copying 0 resource from src\main\resources to target\classes
2025-09-09 15:51:02,612 [Worker-8: Building] INFO  o.a.m.s.f.DefaultMavenResourcesFiltering - Copying 0 resource from src\test\resources to target\test-classes
2025-09-09 15:51:14,279 [Worker-22: Building] INFO  o.a.m.s.f.DefaultMavenResourcesFiltering - Copying 0 resource from src\main\resources to target\classes
2025-09-09 15:51:14,283 [Worker-22: Building] INFO  o.a.m.s.f.DefaultMavenResourcesFiltering - Copying 0 resource from src\test\resources to target\test-classes
2025-09-09 15:54:20,214 [Worker-19: Building] INFO  o.a.m.s.f.DefaultMavenResourcesFiltering - Copying 0 resource from src\main\resources to target\classes
2025-09-09 15:54:20,220 [Worker-19: Building] INFO  o.a.m.s.f.DefaultMavenResourcesFiltering - Copying 0 resource from src\test\resources to target\test-classes
2025-09-09 15:54:41,694 [Worker-19: Building] INFO  o.a.m.s.f.DefaultMavenResourcesFiltering - Copying 0 resource from src\main\resources to target\classes
2025-09-09 15:54:41,697 [Worker-19: Building] INFO  o.a.m.s.f.DefaultMavenResourcesFiltering - Copying 0 resource from src\test\resources to target\test-classes
2025-09-09 15:55:17,199 [Worker-21: Building] INFO  o.a.m.s.f.DefaultMavenResourcesFiltering - Copying 0 resource from src\main\resources to target\classes
2025-09-09 15:55:17,202 [Worker-21: Building] INFO  o.a.m.s.f.DefaultMavenResourcesFiltering - Copying 0 resource from src\test\resources to target\test-classes
2025-09-09 15:56:05,031 [Worker-22: Building] INFO  o.a.m.s.f.DefaultMavenResourcesFiltering - Copying 0 resource from src\main\resources to target\classes
2025-09-09 15:56:05,040 [Worker-22: Building] INFO  o.a.m.s.f.DefaultMavenResourcesFiltering - Copying 0 resource from src\test\resources to target\test-classes
2025-09-09 15:56:18,638 [Worker-8: Building] INFO  o.a.m.s.f.DefaultMavenResourcesFiltering - Copying 0 resource from src\main\resources to target\classes
2025-09-09 15:56:18,643 [Worker-8: Building] INFO  o.a.m.s.f.DefaultMavenResourcesFiltering - Copying 0 resource from src\test\resources to target\test-classes
2025-09-09 15:56:35,123 [Worker-22: Building] INFO  o.a.m.s.f.DefaultMavenResourcesFiltering - Copying 0 resource from src\main\resources to target\classes
2025-09-09 15:56:35,127 [Worker-22: Building] INFO  o.a.m.s.f.DefaultMavenResourcesFiltering - Copying 0 resource from src\test\resources to target\test-classes
2025-09-09 15:57:14,325 [Worker-20: Building] INFO  o.a.m.s.f.DefaultMavenResourcesFiltering - Copying 0 resource from src\main\resources to target\classes
2025-09-09 15:57:14,329 [Worker-20: Building] INFO  o.a.m.s.f.DefaultMavenResourcesFiltering - Copying 0 resource from src\test\resources to target\test-classes
2025-09-09 15:57:18,373 [Worker-7: Updating Maven Project] INFO  o.e.m.c.i.p.ProjectConfigurationManager - Update started
2025-09-09 15:57:18,715 [Worker-7: Updating Maven Project] INFO  o.e.m.c.i.l.LifecycleMappingFactory - Using org.maven.ide.eclipse.wtp.WarLifecycleMapping lifecycle mapping for MavenProject: hcmute.vn:webfashionshop:1.0-SNAPSHOT @ E:\Workspace\webfashionshop\pom.xml.
2025-09-09 15:57:19,507 [Worker-7: Updating Maven Project] INFO  o.e.m.j.i.AbstractJavaProjectConfigurator - Adding source folder /webfashionshop/src/main/java
2025-09-09 15:57:19,510 [Worker-7: Updating Maven Project] INFO  o.e.m.j.i.AbstractJavaProjectConfigurator - Adding resource folder /webfashionshop/src/main/resources
2025-09-09 15:57:19,511 [Worker-7: Updating Maven Project] INFO  o.e.m.j.i.AbstractJavaProjectConfigurator - Adding source folder /webfashionshop/src/test/java
2025-09-09 15:57:19,511 [Worker-7: Updating Maven Project] INFO  o.e.m.j.i.AbstractJavaProjectConfigurator - Adding resource folder /webfashionshop/src/test/resources
2025-09-09 15:57:19,690 [Worker-7: Updating Maven Project] INFO  o.e.m.w.i.f.ResourceFilteringBuildParticipant - Cleaning filtered folder for webfashionshop
2025-09-09 15:57:19,705 [Worker-7: Updating Maven Project] INFO  o.e.m.c.i.p.ProjectConfigurationManager - Update completed for 1 poms: local refresh takes 0,00 sec, refresh facades takes 1,00 sec, update config takes 0,00 sec 
2025-09-09 15:57:19,896 [Worker-7: Building] INFO  o.a.m.s.f.DefaultMavenResourcesFiltering - Copying 0 resource from src\main\resources to target\classes
2025-09-09 15:57:19,900 [Worker-7: Building] INFO  o.a.m.s.f.DefaultMavenResourcesFiltering - Copying 0 resource from src\test\resources to target\test-classes
2025-09-09 15:57:19,900 [Worker-7: Building] INFO  o.e.m.w.i.f.ResourceFilteringBuildParticipant - Changed resources require a complete clean of filtered resources of webfashionshop
2025-09-09 15:57:19,902 [Worker-7: Building] INFO  o.e.m.w.i.f.ResourceFilteringBuildParticipant - Executing resource filtering for webfashionshop
2025-09-10 13:33:38,015 [Worker-4: Loading available Gradle versions] INFO  o.e.b.c.i.u.g.PublishedGradleVersions - Gradle version information cache is out-of-date. Trying to update.
2025-09-10 13:33:46,516 [Worker-21: Building] INFO  o.a.m.s.f.DefaultMavenResourcesFiltering - Copying 0 resource from src\main\resources to target\classes
2025-09-10 13:33:46,525 [Worker-21: Building] INFO  o.a.m.s.f.DefaultMavenResourcesFiltering - Copying 0 resource from src\test\resources to target\test-classes
2025-09-10 13:33:48,930 [Worker-4: Loading available Gradle versions] INFO  o.e.b.c.i.u.g.PublishedGradleVersions - Updating Gradle version information cache failed. Using outdated cache.
2025-09-10 13:54:39,575 [Worker-24: Updating Maven Project] INFO  o.e.m.c.i.p.ProjectConfigurationManager - Update started
2025-09-10 13:54:39,604 [Worker-24: Updating Maven Project] ERROR o.e.m.c.i.URLConnectionCaches - Unexpected URLConnection defaultUseCaches enabled
2025-09-10 13:54:41,734 [Worker-24: Updating Maven Project] INFO  o.e.m.c.i.l.LifecycleMappingFactory - Using org.maven.ide.eclipse.wtp.WarLifecycleMapping lifecycle mapping for MavenProject: hcmute.vn:webfashionshop:1.0-SNAPSHOT @ E:\Workspace\webfashionshop\pom.xml.
2025-09-10 13:54:42,505 [Worker-24: Updating Maven Project] ERROR o.e.m.c.i.URLConnectionCaches - Unexpected URLConnection defaultUseCaches enabled
2025-09-10 13:54:42,585 [Worker-24: Updating Maven Project] INFO  o.e.m.j.i.AbstractJavaProjectConfigurator - Adding source folder /webfashionshop/src/main/java
2025-09-10 13:54:42,587 [Worker-24: Updating Maven Project] INFO  o.e.m.j.i.AbstractJavaProjectConfigurator - Adding resource folder /webfashionshop/src/main/resources
2025-09-10 13:54:42,587 [Worker-24: Updating Maven Project] INFO  o.e.m.j.i.AbstractJavaProjectConfigurator - Adding source folder /webfashionshop/src/test/java
2025-09-10 13:54:42,589 [Worker-24: Updating Maven Project] INFO  o.e.m.j.i.AbstractJavaProjectConfigurator - Adding resource folder /webfashionshop/src/test/resources
2025-09-10 13:54:42,771 [Worker-24: Updating Maven Project] INFO  o.e.m.w.i.f.ResourceFilteringBuildParticipant - Cleaning filtered folder for webfashionshop
2025-09-10 13:54:42,788 [Worker-24: Updating Maven Project] INFO  o.e.m.c.i.p.ProjectConfigurationManager - Update completed for 1 poms: local refresh takes 0,00 sec, refresh facades takes 2,00 sec, update config takes 0,00 sec 
2025-09-10 13:54:43,077 [Worker-15: Building] ERROR o.e.m.c.i.URLConnectionCaches - Unexpected URLConnection defaultUseCaches enabled
2025-09-10 13:54:43,093 [Worker-15: Building] INFO  o.a.m.s.f.DefaultMavenResourcesFiltering - Copying 0 resource from src\main\resources to target\classes
2025-09-10 13:54:43,098 [Worker-15: Building] INFO  o.a.m.s.f.DefaultMavenResourcesFiltering - Copying 0 resource from src\test\resources to target\test-classes
2025-09-10 13:54:43,099 [Worker-15: Building] INFO  o.e.m.w.i.f.ResourceFilteringBuildParticipant - Changed resources require a complete clean of filtered resources of webfashionshop
2025-09-10 13:54:43,100 [Worker-15: Building] INFO  o.e.m.w.i.f.ResourceFilteringBuildParticipant - Executing resource filtering for webfashionshop
2025-09-10 14:00:47,729 [Worker-16: Building] ERROR o.e.m.c.i.URLConnectionCaches - Unexpected URLConnection defaultUseCaches enabled
2025-09-10 14:00:47,966 [Worker-16: Building] INFO  o.e.m.c.i.l.LifecycleMappingFactory - Using org.maven.ide.eclipse.wtp.WarLifecycleMapping lifecycle mapping for MavenProject: hcmute.vn:webfashionshop:1.0-SNAPSHOT @ E:\Workspace\webfashionshop\pom.xml.
2025-09-10 14:00:48,690 [Worker-16: Building] INFO  o.e.m.c.i.e.AbstractTransferListenerAdapter - Downloading https://repo.maven.apache.org/maven2/com/sun/mail/jakarta.mail/2.0.1/jakarta.mail-2.0.1.pom
2025-09-10 14:00:48,728 [Worker-16: Building] INFO  o.e.m.c.i.e.AbstractTransferListenerAdapter - Downloaded https://repo.maven.apache.org/maven2/com/sun/mail/jakarta.mail/2.0.1/jakarta.mail-2.0.1.pom
2025-09-10 14:00:48,880 [Worker-16: Building] INFO  o.e.m.c.i.e.AbstractTransferListenerAdapter - Downloading https://repo.maven.apache.org/maven2/com/sun/mail/all/2.0.1/all-2.0.1.pom
2025-09-10 14:00:48,927 [Worker-16: Building] INFO  o.e.m.c.i.e.AbstractTransferListenerAdapter - Downloaded https://repo.maven.apache.org/maven2/com/sun/mail/all/2.0.1/all-2.0.1.pom
2025-09-10 14:00:49,081 [Worker-16: Building] INFO  o.e.m.c.i.e.AbstractTransferListenerAdapter - Downloading https://repo.maven.apache.org/maven2/com/sun/activation/jakarta.activation/2.0.1/jakarta.activation-2.0.1.pom
2025-09-10 14:00:49,115 [Worker-16: Building] INFO  o.e.m.c.i.e.AbstractTransferListenerAdapter - Downloaded https://repo.maven.apache.org/maven2/com/sun/activation/jakarta.activation/2.0.1/jakarta.activation-2.0.1.pom
2025-09-10 14:00:49,191 [Worker-16: Building] INFO  o.e.m.c.i.e.AbstractTransferListenerAdapter - Downloading https://repo.maven.apache.org/maven2/com/sun/activation/all/2.0.1/all-2.0.1.pom
2025-09-10 14:00:49,243 [Worker-16: Building] INFO  o.e.m.c.i.e.AbstractTransferListenerAdapter - Downloaded https://repo.maven.apache.org/maven2/com/sun/activation/all/2.0.1/all-2.0.1.pom
2025-09-10 14:00:49,388 [Worker-16: Building] INFO  o.e.m.c.i.e.AbstractTransferListenerAdapter - Downloading https://repo.maven.apache.org/maven2/org/projectlombok/lombok/1.18.38/lombok-1.18.38.pom
2025-09-10 14:00:49,419 [Worker-16: Building] INFO  o.e.m.c.i.e.AbstractTransferListenerAdapter - Downloaded https://repo.maven.apache.org/maven2/org/projectlombok/lombok/1.18.38/lombok-1.18.38.pom
2025-09-10 14:00:49,595 [Worker-16: Building] INFO  o.e.m.c.i.e.AbstractTransferListenerAdapter - Downloading https://repo.maven.apache.org/maven2/com/sun/mail/jakarta.mail/2.0.1/jakarta.mail-2.0.1.jar
2025-09-10 14:00:50,740 [Worker-16: Building] INFO  o.e.m.c.i.e.AbstractTransferListenerAdapter - Downloaded https://repo.maven.apache.org/maven2/com/sun/mail/jakarta.mail/2.0.1/jakarta.mail-2.0.1.jar
2025-09-10 14:00:50,798 [BasicRepositoryConnector-repo.maven.apache.org-0-1] INFO  o.e.m.c.i.e.AbstractTransferListenerAdapter - Downloading https://repo.maven.apache.org/maven2/org/projectlombok/lombok/1.18.38/lombok-1.18.38.jar
2025-09-10 14:00:50,901 [BasicRepositoryConnector-repo.maven.apache.org-0-0] INFO  o.e.m.c.i.e.AbstractTransferListenerAdapter - Downloading https://repo.maven.apache.org/maven2/com/sun/activation/jakarta.activation/2.0.1/jakarta.activation-2.0.1.jar
2025-09-10 14:00:51,000 [BasicRepositoryConnector-repo.maven.apache.org-0-0] INFO  o.e.m.c.i.e.AbstractTransferListenerAdapter - Downloaded https://repo.maven.apache.org/maven2/com/sun/activation/jakarta.activation/2.0.1/jakarta.activation-2.0.1.jar
2025-09-10 14:00:58,099 [BasicRepositoryConnector-repo.maven.apache.org-0-1] INFO  o.e.m.c.i.e.AbstractTransferListenerAdapter - Downloaded https://repo.maven.apache.org/maven2/org/projectlombok/lombok/1.18.38/lombok-1.18.38.jar
2025-09-10 14:00:58,563 [Worker-16: Building] ERROR o.e.m.c.i.URLConnectionCaches - Unexpected URLConnection defaultUseCaches enabled
2025-09-10 14:00:58,629 [Worker-16: Building] INFO  o.a.m.s.f.DefaultMavenResourcesFiltering - Copying 0 resource from src\main\resources to target\classes
2025-09-10 14:00:58,634 [Worker-16: Building] INFO  o.a.m.s.f.DefaultMavenResourcesFiltering - Copying 0 resource from src\test\resources to target\test-classes
2025-09-10 14:00:58,635 [Worker-16: Building] INFO  o.e.m.w.i.f.ResourceFilteringBuildParticipant - Changed resources require a complete clean of filtered resources of webfashionshop
2025-09-10 14:00:58,635 [Worker-16: Building] INFO  o.e.m.w.i.f.ResourceFilteringBuildParticipant - Executing resource filtering for webfashionshop
2025-09-10 14:01:29,449 [Worker-2: Loading available Gradle versions] INFO  o.e.b.c.i.u.g.PublishedGradleVersions - Gradle version information cache is out-of-date. Trying to update.
2025-09-10 14:22:05,133 [Worker-3: Building] INFO  o.e.m.c.i.l.LifecycleMappingFactory - Using org.maven.ide.eclipse.wtp.WarLifecycleMapping lifecycle mapping for MavenProject: hcmute.vn:webfashionshop:1.0-SNAPSHOT @ E:\Workspace\webfashionshop\pom.xml.
2025-09-10 14:22:05,979 [Worker-3: Building] INFO  o.a.m.s.f.DefaultMavenResourcesFiltering - Copying 0 resource from src\main\resources to target\classes
2025-09-10 14:22:05,984 [Worker-3: Building] INFO  o.a.m.s.f.DefaultMavenResourcesFiltering - Copying 0 resource from src\test\resources to target\test-classes
2025-09-10 14:22:05,987 [Worker-3: Building] INFO  o.e.m.w.i.f.ResourceFilteringBuildParticipant - Changed resources require a complete clean of filtered resources of webfashionshop
2025-09-10 14:22:05,988 [Worker-3: Building] INFO  o.e.m.w.i.f.ResourceFilteringBuildParticipant - Executing resource filtering for webfashionshop
2025-09-10 14:22:07,881 [Worker-22: Download sources and javadoc] INFO  o.e.m.c.i.e.AbstractTransferListenerAdapter - Downloading https://repo.maven.apache.org/maven2/org/projectlombok/lombok/1.18.38/lombok-1.18.38-sources.jar
2025-09-10 14:22:08,642 [Worker-22: Download sources and javadoc] INFO  o.e.m.c.i.e.AbstractTransferListenerAdapter - Downloaded https://repo.maven.apache.org/maven2/org/projectlombok/lombok/1.18.38/lombok-1.18.38-sources.jar
2025-09-10 14:22:08,648 [Worker-22: Download sources and javadoc] INFO  o.e.m.j.internal.DownloadSourcesJob - Downloaded sources for org.projectlombok:lombok:1.18.38
2025-09-16 15:15:17,012 [Worker-7: Loading available Gradle versions] INFO  o.e.b.c.i.u.g.PublishedGradleVersions - Gradle version information cache is out-of-date. Trying to update.
2025-09-16 15:26:49,658 [Worker-21: Building] INFO  o.a.m.s.f.DefaultMavenResourcesFiltering - Copying 0 resource from src\main\resources to target\classes
2025-09-16 15:26:49,666 [Worker-21: Building] INFO  o.a.m.s.f.DefaultMavenResourcesFiltering - Copying 0 resource from src\test\resources to target\test-classes
2025-09-16 15:30:38,406 [Worker-22: Building] INFO  o.a.m.s.f.DefaultMavenResourcesFiltering - Copying 0 resource from src\main\resources to target\classes
2025-09-16 15:30:38,410 [Worker-22: Building] INFO  o.a.m.s.f.DefaultMavenResourcesFiltering - Copying 0 resource from src\test\resources to target\test-classes
2025-09-16 15:36:52,623 [Worker-7: Building] INFO  o.a.m.s.f.DefaultMavenResourcesFiltering - Copying 0 resource from src\main\resources to target\classes
2025-09-16 15:36:52,626 [Worker-7: Building] INFO  o.a.m.s.f.DefaultMavenResourcesFiltering - Copying 0 resource from src\test\resources to target\test-classes
2025-09-16 15:37:07,158 [Worker-8: Cleaning all projects] INFO  o.e.m.w.i.f.ResourceFilteringBuildParticipant - Cleaning filtered folder for webfashionshop
2025-09-16 15:37:07,493 [Worker-7: Building] INFO  o.a.m.s.f.DefaultMavenResourcesFiltering - Copying 0 resource from src\main\resources to target\classes
2025-09-16 15:37:07,496 [Worker-7: Building] INFO  o.a.m.s.f.DefaultMavenResourcesFiltering - Copying 0 resource from src\test\resources to target\test-classes
2025-09-16 15:37:07,497 [Worker-7: Building] INFO  o.e.m.w.i.f.ResourceFilteringBuildParticipant - Changed resources require a complete clean of filtered resources of webfashionshop
2025-09-16 15:37:07,498 [Worker-7: Building] INFO  o.e.m.w.i.f.ResourceFilteringBuildParticipant - Executing resource filtering for webfashionshop
2025-09-16 15:37:13,992 [Worker-22: Updating Maven Project] INFO  o.e.m.c.i.p.ProjectConfigurationManager - Update started
2025-09-16 15:37:14,363 [Worker-22: Updating Maven Project] INFO  o.e.m.c.i.l.LifecycleMappingFactory - Using org.maven.ide.eclipse.wtp.WarLifecycleMapping lifecycle mapping for MavenProject: hcmute.vn:webfashionshop:1.0-SNAPSHOT @ E:\Workspace\webfashionshop\pom.xml.
2025-09-16 15:37:15,139 [Worker-22: Updating Maven Project] INFO  o.e.m.j.i.AbstractJavaProjectConfigurator - Adding source folder /webfashionshop/src/main/java
2025-09-16 15:37:15,142 [Worker-22: Updating Maven Project] INFO  o.e.m.j.i.AbstractJavaProjectConfigurator - Adding resource folder /webfashionshop/src/main/resources
2025-09-16 15:37:15,142 [Worker-22: Updating Maven Project] INFO  o.e.m.j.i.AbstractJavaProjectConfigurator - Adding source folder /webfashionshop/src/test/java
2025-09-16 15:37:15,143 [Worker-22: Updating Maven Project] INFO  o.e.m.j.i.AbstractJavaProjectConfigurator - Adding resource folder /webfashionshop/src/test/resources
2025-09-16 15:37:15,344 [Worker-22: Updating Maven Project] INFO  o.e.m.w.i.f.ResourceFilteringBuildParticipant - Cleaning filtered folder for webfashionshop
2025-09-16 15:37:15,359 [Worker-22: Updating Maven Project] INFO  o.e.m.c.i.p.ProjectConfigurationManager - Update completed for 1 poms: local refresh takes 0,00 sec, refresh facades takes 1,00 sec, update config takes 0,00 sec 
2025-09-16 15:37:15,763 [Worker-22: Building] INFO  o.a.m.s.f.DefaultMavenResourcesFiltering - Copying 0 resource from src\main\resources to target\classes
2025-09-16 15:37:15,767 [Worker-22: Building] INFO  o.a.m.s.f.DefaultMavenResourcesFiltering - Copying 0 resource from src\test\resources to target\test-classes
2025-09-16 15:37:15,768 [Worker-22: Building] INFO  o.e.m.w.i.f.ResourceFilteringBuildParticipant - Changed resources require a complete clean of filtered resources of webfashionshop
2025-09-16 15:37:15,768 [Worker-22: Building] INFO  o.e.m.w.i.f.ResourceFilteringBuildParticipant - Executing resource filtering for webfashionshop
2025-09-16 15:38:14,955 [Worker-23: Building] INFO  o.a.m.s.f.DefaultMavenResourcesFiltering - Copying 0 resource from src\main\resources to target\classes
2025-09-16 15:38:14,960 [Worker-23: Building] INFO  o.a.m.s.f.DefaultMavenResourcesFiltering - Copying 0 resource from src\test\resources to target\test-classes
2025-09-16 15:52:00,481 [Worker-7: Building] INFO  o.a.m.s.f.DefaultMavenResourcesFiltering - Copying 0 resource from src\main\resources to target\classes
2025-09-16 15:52:00,494 [Worker-7: Building] INFO  o.a.m.s.f.DefaultMavenResourcesFiltering - Copying 0 resource from src\test\resources to target\test-classes
2025-09-16 15:52:35,147 [Worker-8: Updating Maven Project] INFO  o.e.m.c.i.p.ProjectConfigurationManager - Update started
2025-09-16 15:52:35,369 [Worker-8: Updating Maven Project] INFO  o.e.m.c.i.l.LifecycleMappingFactory - Using org.maven.ide.eclipse.wtp.WarLifecycleMapping lifecycle mapping for MavenProject: hcmute.vn:webfashionshop:1.0-SNAPSHOT @ E:\Workspace\webfashionshop\pom.xml.
2025-09-16 15:52:35,926 [Worker-8: Updating Maven Project] INFO  o.e.m.j.i.AbstractJavaProjectConfigurator - Adding source folder /webfashionshop/src/main/java
2025-09-16 15:52:35,927 [Worker-8: Updating Maven Project] INFO  o.e.m.j.i.AbstractJavaProjectConfigurator - Adding resource folder /webfashionshop/src/main/resources
2025-09-16 15:52:35,927 [Worker-8: Updating Maven Project] INFO  o.e.m.j.i.AbstractJavaProjectConfigurator - Adding source folder /webfashionshop/src/test/java
2025-09-16 15:52:35,927 [Worker-8: Updating Maven Project] INFO  o.e.m.j.i.AbstractJavaProjectConfigurator - Adding resource folder /webfashionshop/src/test/resources
2025-09-16 15:52:36,046 [Worker-8: Updating Maven Project] INFO  o.e.m.w.i.f.ResourceFilteringBuildParticipant - Cleaning filtered folder for webfashionshop
2025-09-16 15:52:36,059 [Worker-8: Updating Maven Project] INFO  o.e.m.c.i.p.ProjectConfigurationManager - Update completed for 1 poms: local refresh takes 0,00 sec, refresh facades takes 0,00 sec, update config takes 0,00 sec 
2025-09-16 15:52:36,350 [Worker-19: Building] INFO  o.a.m.s.f.DefaultMavenResourcesFiltering - Copying 0 resource from src\main\resources to target\classes
2025-09-16 15:52:36,354 [Worker-19: Building] INFO  o.a.m.s.f.DefaultMavenResourcesFiltering - Copying 0 resource from src\test\resources to target\test-classes
2025-09-16 15:52:36,355 [Worker-19: Building] INFO  o.e.m.w.i.f.ResourceFilteringBuildParticipant - Changed resources require a complete clean of filtered resources of webfashionshop
2025-09-16 15:52:36,355 [Worker-19: Building] INFO  o.e.m.w.i.f.ResourceFilteringBuildParticipant - Executing resource filtering for webfashionshop
2025-09-16 15:53:26,607 [Worker-9: Loading available Gradle versions] INFO  o.e.b.c.i.u.g.PublishedGradleVersions - Gradle version information cache is up-to-date. Trying to read.
2025-09-16 18:00:48,845 [Worker-6: Loading available Gradle versions] INFO  o.e.b.c.i.u.g.PublishedGradleVersions - Gradle version information cache is up-to-date. Trying to read.
2025-09-16 19:02:54,910 [Worker-4: Building] INFO  o.a.m.s.f.DefaultMavenResourcesFiltering - Copying 0 resource from src\main\resources to target\classes
2025-09-16 19:02:54,922 [Worker-4: Building] INFO  o.a.m.s.f.DefaultMavenResourcesFiltering - Copying 0 resource from src\test\resources to target\test-classes
2025-09-16 19:10:23,909 [Worker-3: Building] INFO  o.a.m.s.f.DefaultMavenResourcesFiltering - Copying 0 resource from src\main\resources to target\classes
2025-09-16 19:10:23,913 [Worker-3: Building] INFO  o.a.m.s.f.DefaultMavenResourcesFiltering - Copying 0 resource from src\test\resources to target\test-classes
2025-09-16 19:10:29,463 [Worker-19: Updating Maven Project] INFO  o.e.m.c.i.p.ProjectConfigurationManager - Update started
2025-09-16 19:10:31,250 [Worker-19: Updating Maven Project] INFO  o.e.m.c.i.l.LifecycleMappingFactory - Using org.maven.ide.eclipse.wtp.WarLifecycleMapping lifecycle mapping for MavenProject: hcmute.vn:webfashionshop:1.0-SNAPSHOT @ E:\Workspace\webfashionshop\pom.xml.
2025-09-16 19:10:32,002 [Worker-19: Updating Maven Project] INFO  o.e.m.j.i.AbstractJavaProjectConfigurator - Adding source folder /webfashionshop/src/main/java
2025-09-16 19:10:32,004 [Worker-19: Updating Maven Project] INFO  o.e.m.j.i.AbstractJavaProjectConfigurator - Adding resource folder /webfashionshop/src/main/resources
2025-09-16 19:10:32,005 [Worker-19: Updating Maven Project] INFO  o.e.m.j.i.AbstractJavaProjectConfigurator - Adding source folder /webfashionshop/src/test/java
2025-09-16 19:10:32,007 [Worker-19: Updating Maven Project] INFO  o.e.m.j.i.AbstractJavaProjectConfigurator - Adding resource folder /webfashionshop/src/test/resources
2025-09-16 19:10:32,218 [Worker-19: Updating Maven Project] INFO  o.e.m.w.i.f.ResourceFilteringBuildParticipant - Cleaning filtered folder for webfashionshop
2025-09-16 19:10:32,235 [Worker-19: Updating Maven Project] INFO  o.e.m.c.i.p.ProjectConfigurationManager - Update completed for 1 poms: local refresh takes 0,00 sec, refresh facades takes 2,00 sec, update config takes 0,00 sec 
2025-09-16 19:10:32,617 [Worker-8: Building] INFO  o.a.m.s.f.DefaultMavenResourcesFiltering - Copying 0 resource from src\main\resources to target\classes
2025-09-16 19:10:32,622 [Worker-8: Building] INFO  o.a.m.s.f.DefaultMavenResourcesFiltering - Copying 0 resource from src\test\resources to target\test-classes
2025-09-16 19:10:32,622 [Worker-8: Building] INFO  o.e.m.w.i.f.ResourceFilteringBuildParticipant - Changed resources require a complete clean of filtered resources of webfashionshop
2025-09-16 19:10:32,623 [Worker-8: Building] INFO  o.e.m.w.i.f.ResourceFilteringBuildParticipant - Executing resource filtering for webfashionshop
2025-09-16 19:11:32,592 [Worker-16: Building] INFO  o.a.m.s.f.DefaultMavenResourcesFiltering - Copying 0 resource from src\main\resources to target\classes
2025-09-16 19:11:32,595 [Worker-16: Building] INFO  o.a.m.s.f.DefaultMavenResourcesFiltering - Copying 0 resource from src\test\resources to target\test-classes
2025-09-16 19:27:42,516 [Worker-8: Building] INFO  o.a.m.s.f.DefaultMavenResourcesFiltering - Copying 0 resource from src\main\resources to target\classes
2025-09-16 19:27:42,520 [Worker-8: Building] INFO  o.a.m.s.f.DefaultMavenResourcesFiltering - Copying 0 resource from src\test\resources to target\test-classes
2025-09-16 19:28:11,831 [Worker-3: Updating Maven Project] INFO  o.e.m.c.i.p.ProjectConfigurationManager - Update started
2025-09-16 19:28:12,082 [Worker-3: Updating Maven Project] INFO  o.e.m.c.i.l.LifecycleMappingFactory - Using org.maven.ide.eclipse.wtp.WarLifecycleMapping lifecycle mapping for MavenProject: hcmute.vn:webfashionshop:1.0-SNAPSHOT @ E:\Workspace\webfashionshop\pom.xml.
2025-09-16 19:28:12,640 [Worker-3: Updating Maven Project] INFO  o.e.m.j.i.AbstractJavaProjectConfigurator - Adding source folder /webfashionshop/src/main/java
2025-09-16 19:28:12,640 [Worker-3: Updating Maven Project] INFO  o.e.m.j.i.AbstractJavaProjectConfigurator - Adding resource folder /webfashionshop/src/main/resources
2025-09-16 19:28:12,640 [Worker-3: Updating Maven Project] INFO  o.e.m.j.i.AbstractJavaProjectConfigurator - Adding source folder /webfashionshop/src/test/java
2025-09-16 19:28:12,641 [Worker-3: Updating Maven Project] INFO  o.e.m.j.i.AbstractJavaProjectConfigurator - Adding resource folder /webfashionshop/src/test/resources
2025-09-16 19:28:12,771 [Worker-3: Updating Maven Project] INFO  o.e.m.w.i.f.ResourceFilteringBuildParticipant - Cleaning filtered folder for webfashionshop
2025-09-16 19:28:12,786 [Worker-3: Updating Maven Project] INFO  o.e.m.c.i.p.ProjectConfigurationManager - Update completed for 1 poms: local refresh takes 0,00 sec, refresh facades takes 0,00 sec, update config takes 0,00 sec 
2025-09-16 19:28:13,099 [Worker-3: Building] INFO  o.a.m.s.f.DefaultMavenResourcesFiltering - Copying 0 resource from src\main\resources to target\classes
2025-09-16 19:28:13,103 [Worker-3: Building] INFO  o.a.m.s.f.DefaultMavenResourcesFiltering - Copying 0 resource from src\test\resources to target\test-classes
2025-09-16 19:28:13,103 [Worker-3: Building] INFO  o.e.m.w.i.f.ResourceFilteringBuildParticipant - Changed resources require a complete clean of filtered resources of webfashionshop
2025-09-16 19:28:13,103 [Worker-3: Building] INFO  o.e.m.w.i.f.ResourceFilteringBuildParticipant - Executing resource filtering for webfashionshop
2025-09-16 19:29:42,514 [Worker-4: Updating Maven Project] INFO  o.e.m.c.i.p.ProjectConfigurationManager - Update started
2025-09-16 19:29:42,714 [Worker-4: Updating Maven Project] INFO  o.e.m.c.i.l.LifecycleMappingFactory - Using org.maven.ide.eclipse.wtp.WarLifecycleMapping lifecycle mapping for MavenProject: hcmute.vn:webfashionshop:1.0-SNAPSHOT @ E:\Workspace\webfashionshop\pom.xml.
2025-09-16 19:29:43,238 [Worker-4: Updating Maven Project] INFO  o.e.m.j.i.AbstractJavaProjectConfigurator - Adding source folder /webfashionshop/src/main/java
2025-09-16 19:29:43,239 [Worker-4: Updating Maven Project] INFO  o.e.m.j.i.AbstractJavaProjectConfigurator - Adding resource folder /webfashionshop/src/main/resources
2025-09-16 19:29:43,239 [Worker-4: Updating Maven Project] INFO  o.e.m.j.i.AbstractJavaProjectConfigurator - Adding source folder /webfashionshop/src/test/java
2025-09-16 19:29:43,239 [Worker-4: Updating Maven Project] INFO  o.e.m.j.i.AbstractJavaProjectConfigurator - Adding resource folder /webfashionshop/src/test/resources
2025-09-16 19:29:43,378 [Worker-4: Updating Maven Project] INFO  o.e.m.w.i.f.ResourceFilteringBuildParticipant - Cleaning filtered folder for webfashionshop
2025-09-16 19:29:43,394 [Worker-4: Updating Maven Project] INFO  o.e.m.c.i.p.ProjectConfigurationManager - Update completed for 1 poms: local refresh takes 0,00 sec, refresh facades takes 0,00 sec, update config takes 0,00 sec 
2025-09-16 19:29:43,682 [Worker-19: Building] INFO  o.a.m.s.f.DefaultMavenResourcesFiltering - Copying 0 resource from src\main\resources to target\classes
2025-09-16 19:29:43,686 [Worker-19: Building] INFO  o.a.m.s.f.DefaultMavenResourcesFiltering - Copying 0 resource from src\test\resources to target\test-classes
2025-09-16 19:29:43,686 [Worker-19: Building] INFO  o.e.m.w.i.f.ResourceFilteringBuildParticipant - Changed resources require a complete clean of filtered resources of webfashionshop
2025-09-16 19:29:43,686 [Worker-19: Building] INFO  o.e.m.w.i.f.ResourceFilteringBuildParticipant - Executing resource filtering for webfashionshop
2025-09-16 19:29:54,847 [Worker-3: Updating Maven Project] INFO  o.e.m.c.i.p.ProjectConfigurationManager - Update started
2025-09-16 19:29:55,082 [Worker-3: Updating Maven Project] INFO  o.e.m.c.i.l.LifecycleMappingFactory - Using org.maven.ide.eclipse.wtp.WarLifecycleMapping lifecycle mapping for MavenProject: hcmute.vn:webfashionshop:1.0-SNAPSHOT @ E:\Workspace\webfashionshop\pom.xml.
2025-09-16 19:29:55,552 [Worker-3: Updating Maven Project] INFO  o.e.m.j.i.AbstractJavaProjectConfigurator - Adding source folder /webfashionshop/src/main/java
2025-09-16 19:29:55,554 [Worker-3: Updating Maven Project] INFO  o.e.m.j.i.AbstractJavaProjectConfigurator - Adding resource folder /webfashionshop/src/main/resources
2025-09-16 19:29:55,554 [Worker-3: Updating Maven Project] INFO  o.e.m.j.i.AbstractJavaProjectConfigurator - Adding source folder /webfashionshop/src/test/java
2025-09-16 19:29:55,555 [Worker-3: Updating Maven Project] INFO  o.e.m.j.i.AbstractJavaProjectConfigurator - Adding resource folder /webfashionshop/src/test/resources
2025-09-16 19:29:55,682 [Worker-3: Updating Maven Project] INFO  o.e.m.w.i.f.ResourceFilteringBuildParticipant - Cleaning filtered folder for webfashionshop
2025-09-16 19:29:55,707 [Worker-3: Updating Maven Project] INFO  o.e.m.c.i.p.ProjectConfigurationManager - Update completed for 1 poms: local refresh takes 0,00 sec, refresh facades takes 0,00 sec, update config takes 0,00 sec 
2025-09-16 19:29:55,956 [Worker-2: Building] INFO  o.a.m.s.f.DefaultMavenResourcesFiltering - Copying 0 resource from src\main\resources to target\classes
2025-09-16 19:29:55,960 [Worker-2: Building] INFO  o.a.m.s.f.DefaultMavenResourcesFiltering - Copying 0 resource from src\test\resources to target\test-classes
2025-09-16 19:29:55,961 [Worker-2: Building] INFO  o.e.m.w.i.f.ResourceFilteringBuildParticipant - Changed resources require a complete clean of filtered resources of webfashionshop
2025-09-16 19:29:55,961 [Worker-2: Building] INFO  o.e.m.w.i.f.ResourceFilteringBuildParticipant - Executing resource filtering for webfashionshop
2025-09-16 19:30:21,058 [Worker-12: Building] INFO  o.a.m.s.f.DefaultMavenResourcesFiltering - Copying 0 resource from src\main\resources to target\classes
2025-09-16 19:30:21,061 [Worker-12: Building] INFO  o.a.m.s.f.DefaultMavenResourcesFiltering - Copying 0 resource from src\test\resources to target\test-classes
2025-09-16 19:57:44,600 [Worker-10: Updating Maven Project] INFO  o.e.m.c.i.p.ProjectConfigurationManager - Update started
2025-09-16 19:57:44,884 [Worker-10: Updating Maven Project] INFO  o.e.m.c.i.l.LifecycleMappingFactory - Using org.maven.ide.eclipse.wtp.WarLifecycleMapping lifecycle mapping for MavenProject: hcmute.vn:webfashionshop:1.0-SNAPSHOT @ E:\Workspace\webfashionshop\pom.xml.
2025-09-16 19:57:45,660 [Worker-10: Updating Maven Project] INFO  o.e.m.j.i.AbstractJavaProjectConfigurator - Adding source folder /webfashionshop/src/main/java
2025-09-16 19:57:45,661 [Worker-10: Updating Maven Project] INFO  o.e.m.j.i.AbstractJavaProjectConfigurator - Adding resource folder /webfashionshop/src/main/resources
2025-09-16 19:57:45,661 [Worker-10: Updating Maven Project] INFO  o.e.m.j.i.AbstractJavaProjectConfigurator - Adding source folder /webfashionshop/src/test/java
2025-09-16 19:57:45,662 [Worker-10: Updating Maven Project] INFO  o.e.m.j.i.AbstractJavaProjectConfigurator - Adding resource folder /webfashionshop/src/test/resources
2025-09-16 19:57:45,794 [Worker-10: Updating Maven Project] INFO  o.e.m.w.i.f.ResourceFilteringBuildParticipant - Cleaning filtered folder for webfashionshop
2025-09-16 19:57:45,810 [Worker-10: Updating Maven Project] INFO  o.e.m.c.i.p.ProjectConfigurationManager - Update completed for 1 poms: local refresh takes 0,00 sec, refresh facades takes 0,00 sec, update config takes 0,00 sec 
2025-09-16 19:57:46,081 [Worker-8: Building] INFO  o.a.m.s.f.DefaultMavenResourcesFiltering - Copying 0 resource from src\main\resources to target\classes
2025-09-16 19:57:46,086 [Worker-8: Building] INFO  o.a.m.s.f.DefaultMavenResourcesFiltering - Copying 0 resource from src\test\resources to target\test-classes
2025-09-16 19:57:46,086 [Worker-8: Building] INFO  o.e.m.w.i.f.ResourceFilteringBuildParticipant - Changed resources require a complete clean of filtered resources of webfashionshop
2025-09-16 19:57:46,086 [Worker-8: Building] INFO  o.e.m.w.i.f.ResourceFilteringBuildParticipant - Executing resource filtering for webfashionshop
2025-09-16 20:01:05,230 [Worker-15: Building] INFO  o.a.m.s.f.DefaultMavenResourcesFiltering - Copying 0 resource from src\main\resources to target\classes
2025-09-16 20:01:05,233 [Worker-15: Building] INFO  o.a.m.s.f.DefaultMavenResourcesFiltering - Copying 0 resource from src\test\resources to target\test-classes
